Uniqe ID,Title,Producer of book,Name of book producer,Role in book creation,Notes on roles in book's creation,Does the person's name appear in the book,Name as it appears in the book,Evidence for person's identity if it does not appear in the book,Approximate age during writing of book,Religion during writing of book,Location during writing of book,References for person and book
producer1,"Alexander, Isaak - אלכסנדר, יצחק",Abhandlung von der Freiheit des Menschen,"Alexander, Isaak - אלכסנדר, יצחק",Author,,,,,,,,
producer2,Anonym,Actenstücke zur Geschichte der Erhebung der Juden zu Bürgern der Republik Batavien,Anonym,Translator,,,,,,,,
producer3,"Friedländer, David - פרידלענדר, דוד",Akten-Stücke die Reform der Jüdischen Kolonieen in den Preußischen Staaten betreffend,"Friedländer, David - פרידלענדר, דוד","Author,Mevi La'Dfus (Producer)",,,,,,,,
producer4,אנונימי,An das Breslauer Publikum,אנונימי,Author,,,,,,,,
producer5,"Herz, Marcus - הרץ, מרכוס",An die Herausgeber des hebräischen Sammlers über die frühe Beerdigung der Juden,"Herz, Marcus - הרץ, מרכוס",Author,,,,,,,,
producer6,"Maimon, Salomon - מימון, שלמה",Anfangsgründe der Newtonischen Philosophie,"Maimon, Salomon - מימון, שלמה",Author,,,,,,,,
producer7,"Alexander, Levy - אלכסנדר, לוי",Answer to Mr. Joshua Van Oven’s letters on the present state of the Jewish poor in London,"Alexander, Levy - אלכסנדר, לוי",Author,,,,,,,,
producer8,"Hirschel, Moses - הירשל, משה",Apologie der Menschenrechte oder philosophisch kritische Beleuchtung der Schrift,"Hirschel, Moses - הירשל, משה",Author,,,,,,,,
producer9,"Hourwitz, Zalkind - הורביץ, זלקינד",Apologie des juifs en réponse à la question,"Hourwitz, Zalkind - הורביץ, זלקינד",Author,,,,,,,,
producer10,"Berr, Michel - בר, מיכאל",Appel à la justice des nations et des rois,"Berr, Michel - בר, מיכאל",Author,,,,,,,,
producer11,"Bendavid, Lazarus - בנדוד, לצרוס",Aufsätze verschiedenen Inhalts,"Bendavid, Lazarus - בנדוד, לצרוס",,,,,,,,,
producer12,"Wohl, Levi - וול, יהודה ליב בן צבי הירש",Balsam für die Wunde,"Wohl, Levi - וול, יהודה ליב בן צבי הירש",Translator,,,,,,,,
producer13,"Hurwitz, Philipp Lazarus - הורוויץ, פיליפ לצרוס",Beleuchtung der in den gegenwärtig bei dem Geheimen Ober-Tribunale schwebenden Fränkel-Marcuseschen Erbrechtsprozess einschlagenden jüdischen Rechte,"Hurwitz, Philipp Lazarus - הורוויץ, פיליפ לצרוס",Author,,,,,,,,
producer14,"Ascher, Saul - אשר, שאול",Bemerkungen über die bürgerliche Verbesserung der Juden,"Ascher, Saul - אשר, שאול",Author,,,,,,,,
producer15,אנונימי,Betrachtungen in Hinsicht der Jüdischen Nation,אנונימי,Author,,,,,,,,
producer16,"Bendavid, Lazarus - בנדוד, לצרוס","Beweis, dass heutzutage in den K. K. Staaten die Juden zu Kriegsdienst ebensowohl verpflichtet sind als die Christen","Bendavid, Lazarus - בנדוד, לצרוס",Author,,,,,,,,
producer17,"Bendavid, Lazarus - בנדוד, לצרוס",Beyträge zur Kritik des Geschmacks,"Bendavid, Lazarus - בנדוד, לצרוס",Author,,,,,,,,
producer18,"Bendavid, Lazarus - בנדוד, לצרוס",Bildnisse jetztlebender Berliner Gelehrten mit Ihren Selbstbiographieen,"Bendavid, Lazarus - בנדוד, לצרוס",Author,,,,,,,,
producer19,"Lowe, Johann Michael Siegfried",Bildnisse jetztlebender Berliner Gelehrten mit Ihren Selbstbiographieen,"Lowe, Johann Michael Siegfried",Mevi La'Dfus (Producer),,,,,,,,
producer20,"Homberg, Herz - הרץ, הומברג",Bne-Zion,"Homberg, Herz - הרץ, הומברג",Author,,,,,,,,
producer21,"Milliaud, Moïse - מיליו, משה","Cantique adresse a Napoleon le Grand, empereur des Francois et roi d'Italie","Milliaud, Moïse - מיליו, משה",Author,,,,,,,,
producer22,"Venture, Mardochée - ונטורה, מרדכי",Cantique des cantiques,"Venture, Mardochée - ונטורה, מרדכי",Translator,,,,,,,,
producer27,"Euchel, Isaac Abraham - אייכל, יצחק",Der erste Mensch,"Euchel, Isaac Abraham - אייכל, יצחק",Author,,,,,,,,
producer23,"Ascher, Judas - אשר, יהודה","Der Judenfreund. Oder auserlesene Anekdoten, Schwänke und Einfälle von den Kindern Israels","Ascher, Judas - אשר, יהודה",Author,,,,,,,,
producer24,"Asch, Abraham - אש, אברהם",Der Messias oder Reform der Juden in religiöser und moralischer Hinsicht,"Asch, Abraham - אש, אברהם",Author,,,,,,,,
producer25,"Friedländer, David - פרידלענדר, דוד",Der Prediger,"Friedländer, David - פרידלענדר, דוד","Author,Translator",,,,,,,,
producer26,Anonymous,Der Pseudo-Haman oder Widerlegung der Schrift wider die Juden,Anonymous,Author,,,,,,,,
producer28,"Ackord, Elias - אקורד, אליהו",Die Juden Oder Die nothwendige Reformation der Juden in der Republik Polen,"Ackord, Elias - אקורד, אליהו","Author,Translator",,,,,,,,
producer29,"Jeitteles, Baruch (Benedict) - ייטלש, ברוך",Die Kuhpockenimpfung,"Jeitteles, Baruch (Benedict) - ייטלש, ברוך",Author,,,,,,,,
producer30,"Wessely, Hartwig - וייזל, נפתלי הרץ",Die Moseide in achtzehn Gesängen,"Wessely, Hartwig - וייזל, נפתלי הרץ",Author,,,,,,,,
producer31,Spalding - שפלדינג,Die Moseide in achtzehn Gesängen,Spalding - שפלדינג,Translator,,,,,,,,
producer32,Hufnagel - הופנגל,Die Moseide in achtzehn Gesängen,Hufnagel - הופנגל,Translator,,,,,,,,
producer33,אנונימי,Die Moseide in achtzehn Gesängen,אנונימי,Translator,,,,,,,,
producer34,"Mendelssohn, Moses - מנדלסון, משה",Die Psalmen,"Mendelssohn, Moses - מנדלסון, משה",Translator,,,,,,,,
producer35,"Cologna, Abraham de - קולוניא, אברהם חי די","Discorso pronunziato nella grande sinagoga di Parigi, all'occasione dell'apertura del gran Sanhedrim","Cologna, Abraham de - קולוניא, אברהם חי די",Author,,,,,,,,
producer36,"Furtado, Abraham - פורטאדו, אברהם","Discorso pronunziato nella grande sinagoga di Parigi, all'occasione dell'apertura del gran Sanhedrim","Furtado, Abraham - פורטאדו, אברהם",Translator,,,,,,,,
producer37,"Berr, Isaac Berr - בר, יצחק בר","Discours du Sr. Isaac Berr, Fabricant de tabac, Membre du Conseil municipal de Nancy, Département de la Meurthe, Député à l’Assemblée des Français professant la religion juive, convoquée par décret impérial du 30 mai dernier","Berr, Isaac Berr - בר, יצחק בר",Author,,,,,,,,
producer38,"Jacobson, Israel - יאקאבזאהן, איזראעל","Discours prononcé dans la Synagogue de Cassel, le 15 Novembre 1810, anniversaire de la naissance de S. M. le Roi de Westphalie","Jacobson, Israel - יאקאבזאהן, איזראעל",Author,,,,,,,,
producer39,"Jacobson, Israel - יאקאבזאהן, איזראעל",Discours prononcé par M.r Israel Jacobson ... lors de la dédicace du Temple de Jacob à Seesen,"Jacobson, Israel - יאקאבזאהן, איזראעל",Author,,,,,,,,
producer40,"Büschenthal, Lippmann Moses - בישנטל, ליפמן משה",Ein Psalm an Bonaparte,"Büschenthal, Lippmann Moses - בישנטל, ליפמן משה",Author,,,,,,,,
producer41,"Moses von Gottfried Jakob Schaller - שלר, משה גוטפריד יעקב",Ein Psalm an Bonaparte,"Moses von Gottfried Jakob Schaller - שלר, משה גוטפריד יעקב",Translator,,,,,,,,
producer42,"Neumann, Israel Moses - נוימן, ישראל משה","Ein Wort zu seiner Zeit, die neuern Ansichten des Pentateuchs betreffend","Neumann, Israel Moses - נוימן, ישראל משה",Author,,,,,,,,
producer43,"Alexander, Isaak - אלכסנדר, יצחק",Einheitsgedichte,"Alexander, Isaak - אלכסנדר, יצחק",Author,,,,,,,,
producer44,"Arnstein, Benedict David - ארנשטיין, בנדיקט דוד","Einige jüdische Familienscenen, bey Erblickung des Patents über die Freyheiten, welche die Juden in den kaiserlichen Staaten erhalten haben","Arnstein, Benedict David - ארנשטיין, בנדיקט דוד",Author,,,,,,,,
producer45,"Lax, Salomon - לקס, שלמה",Elementarunterricht in der Religion aus der Natur und der heiligen Geschichte,"Lax, Salomon - לקס, שלמה",Author,,,,,,,,
producer46,"Friedländer, Michael - פרידענדר, מיכאל",Entwurf einer Geschichte der Armen und Armenanstalten,"Friedländer, Michael - פרידענדר, מיכאל",Author,,,,,,,,
producer47,"Dohm, Lewin Benjamin - דוהם, לוין בנימין",Etwas zum Schutz des angegriffenen Gebrauchs der ebräischen Sprache bei den Gebeten der Juden in den Königlich Preußischen Staaten,"Dohm, Lewin Benjamin - דוהם, לוין בנימין",Author,,,,,,,,
producer48,"Bendavid, Lazarus - בנדוד, לצרוס",Etwas zur Charackteristick der Juden,"Bendavid, Lazarus - בנדוד, לצרוס",Author,,,,,,,,
producer49,אנונימי,Freudenruf bey der gluecklichen Ankunft unseres ... Koenigs Friedrich Wilhelm II,אנונימי,,,,,,,,,
producer50,"Levi, Joseph Jasmann ben Joel - לוי, יוסף יוסמן בן יואל","Freudiges Loblied unserm allergnädigsten König Christian dem Siebenten und dessen Thronerben gewidmet, oder, Ode auf die frohe Gegenwart","Levi, Joseph Jasmann ben Joel - לוי, יוסף יוסמן בן יואל",Author,,,,,,,,
producer52,"Euchel, Isaac Abraham - אייכל, יצחק",Gebete der hochdeutschen und polnischen Juden,"Euchel, Isaac Abraham - אייכל, יצחק","Mevi La'Dfus (Producer),Commentator,Translator",,,,,,,,
producer53,"Bran, Alexander",Gesammelte Actenstücke und öffentliche Verhandlungen über die Verbesserung der Juden in Frankreich 1,"Bran, Alexander",Mevi La'Dfus (Producer),,,,,,,,
producer54,"Beer, Peter - בער, פרץ",Geschichte der Juden von ihrer Rückkehr aus der babylonischen Gefangenschaft bis zur Zerstörung des zweyten Tempels,"Beer, Peter - בער, פרץ",Author,,,,,,,,
producer55,"Fürth, Meyer Elkan - פירדא, אלחנן מאיר בן אברהם",Gottes Ehre und unser Nutzen oder Glückseligkeit im Glauben,"Fürth, Meyer Elkan - פירדא, אלחנן מאיר בן אברהם","Author,Mevi La'Dfus (Producer)",,,,,,,,
producer56,"Romanelli, Samuel - רומנלי, שמואל","Grammatica ragionata italiana ed ebraica con trattato, ed esempj di poesia","Romanelli, Samuel - רומנלי, שמואל",Author,,,,,,,,
producer57,"Levi, Moses",Gründlicher Unterricht in der Jüdischdeutschen Schreibart,"Levi, Moses","Author,Mevi La'Dfus (Producer)",,,,,,,,
producer58,"Matthieu, Levi",Gründlicher Unterricht in der Jüdischdeutschen Schreibart,"Matthieu, Levi",Mevi La'Dfus (Producer),,,,,,,,
producer59,אנונימי,Herrn I. A. Euchel und A. F. Wolff bey Ihrer Abreise gewidmet von einigen Freunden,אנונימי,Author,,,,,,,,
producer60,"Kuh, Ephraim Moses - קוה, אפרים",Hinterlassene Gedichte 1,"Kuh, Ephraim Moses - קוה, אפרים",Author,,,,,,,,
producer61,"Hirschel, Moses - הירשל, משה",Hinterlassene Gedichte 1,"Hirschel, Moses - הירשל, משה","Author,Mevi La'Dfus (Producer)",,,,,,,,
producer62,"Kausch, Johann Joseph",Hinterlassene Gedichte 1,"Kausch, Johann Joseph",Mevi La'Dfus (Producer),,,,,,,,
producer63,"Francia de Beaufleury, Louis","Histoire de l'établissement des juifs à Bordeaux et à Bayonne, depuis 1550","Francia de Beaufleury, Louis",Author,,,,,,,,
producer65,"Bock, Moses Hirsch - בוק, משה (בן) צבי",Israelitischer Kinderfreund,"Bock, Moses Hirsch - בוק, משה (בן) צבי",Author,,,,,,,,
producer64,"Bock, Moses Hirsch - בוק, משה (בן) צבי",Israelitischer Kinderfreund Oder Handbuch der gemeinnützigsten wissenschaftlichen Kenntnisse,"Bock, Moses Hirsch - בוק, משה (בן) צבי",Author,,,,,,,,
producer66,"Wolfsohn-Halle, Aron - וולפסון, אהרון",Jeremias Klagegesänge,"Wolfsohn-Halle, Aron - וולפסון, אהרון","Translator,Commentator",,,,,,,,
producer67,"Löwe, Joel - ברי""ל, יואל",Jeremias Klagegesänge,"Löwe, Joel - ברי""ל, יואל","Translator,Commentator",,,,,,,,
producer68,"Mendelssohn, Moses - מנדלסון, משה",Jerusalem oder über religiöse Macht und Judentum,"Mendelssohn, Moses - מנדלסון, משה",Author,,,,,,,,
producer69,"Wolfsohn-Halle, Aron - וולפסון, אהרון","Jeschurun, oder unparteyische Beleuchtung der dem Judenthume neuerdings gemachten Vorwürfe","Wolfsohn-Halle, Aron - וולפסון, אהרון",Author,,,,,,,,
producer70,"Jeitteles, Ignaz - ייטלש, יגנץ",Jonas Jeitteles,"Jeitteles, Ignaz - ייטלש, יגנץ",Author,,,,,,,,
producer71,אנונימי,"Juden, sind sie der Handlung schädlich?",אנונימי,Author,,,,,,,,
producer72,"Hirschel, Moses - הירשל, משה",Kampf der jüdischen Hierarchie mit der Vernunft,"Hirschel, Moses - הירשל, משה","Author,Commentator",,,,,,,,
producer73,"Rodrigues-Moreira, Jacob",Kehilath Jahacob,"Rodrigues-Moreira, Jacob",Author,,,,,,,,
producer74,אנונימי,Les premiers pas de la nation juive vers son bonheur sous les auspices du grand monarque Napoléon,אנונימי,Author,,,,,,,,
producer75,"Friedländer, David - פרידלענדר, דוד",Lesebuch für Jüdische Kinder,"Friedländer, David - פרידלענדר, דוד",Author,,,,,,,,
producer76,"Satanow, Isaak - סטנוב, יצחק",Lesebuch für Jüdische Kinder,"Satanow, Isaak - סטנוב, יצחק",Editor,,,,,,,,
producer77,"Mendelssohn, Moses - מנדלסון, משה",Lesebuch für Jüdische Kinder,"Mendelssohn, Moses - מנדלסון, משה",Don't know,,,,,,,,
producer78,"Vanoven, Joshua - ונאובן, יהושע",Letters on the present state of the Jewish poor in the metropolis,"Vanoven, Joshua - ונאובן, יהושע",Author,,,,,,,,
producer80,"Berr, Michel - בר, מיכאל",Lettre au rédacteur du Progresseur,"Berr, Michel - בר, מיכאל",Author,,,,,,,,
producer79,"Pereire, Jacob Rodrigues",Lettre Circulaire,"Pereire, Jacob Rodrigues",Author,,,,,,,,
producer81,"Valabregue, Israel-Bernard de - ואלאברג, ישראל ברנאר דה",Lettre ou Reflexions d'un Milord a son correspondant a Paris,"Valabregue, Israel-Bernard de - ואלאברג, ישראל ברנאר דה",Author,,,,,,,,
producer82,"Ascher, Saul - אשר, שאול",Leviathan oder Ueber Religion in Rücksicht des Judenthums,"Ascher, Saul - אשר, שאול","Author,Mevi La'Dfus (Producer)",,,,,,,,
producer84,"Francia de Beaufleury, Louis","Mémoire à consulter et consultation pour les cytoyens français professant le culte judaïque à Bordeaux, connus sous le nom de juifs portugais et avignonnais","Francia de Beaufleury, Louis",Author,,,,,,,,
producer83,"Mendelssohn, Moses - מנדלסון, משה",Moses Mendelssohns Morgenstunden oder Vorlesungen über das Daseyn Gottes,"Mendelssohn, Moses - מנדלסון, משה",Author,,,,,,,,
producer85,"Dubno, Salomon - דובנא, שלמה",Nachricht von der Jüdischen Haupt- und Frey-Schule in Deßau - 1776,"Dubno, Salomon - דובנא, שלמה",Author,,,,,,,,
producer87,"Wolf, Joseph - וולף, יוסף",Nachricht von der Jüdischen Haupt- und Frey-Schule in Deßau - 1804,"Wolf, Joseph - וולף, יוסף",Author,,,,,,,,
producer88,"Fränkel, David - פרנקל, דוד",Nachricht von der Jüdischen Haupt- und Frey-Schule in Deßau - 1804,"Fränkel, David - פרנקל, דוד","Author,Mevi La'Dfus (Producer)",,,,,,,,
producer86,אנונימי,Nachricht von der Jüdischen Haupt- und Frey-Schule in Deßau - 1809,אנונימי,Author,,,,,,,,
producer89,"Neumann, Israel Moses - נוימן, ישראל משה",Nahum neu übersetzt und mit Anmerkungen versehen,"Neumann, Israel Moses - נוימן, ישראל משה",Author,,,,,,,,
producer90,"Ascher, Saul - אשר, שאול",Napoleon oder über den Fortschritt der Regierung,"Ascher, Saul - אשר, שאול",Author,,,,,,,,
producer91,אנונימי,"Ode à Sa Majesté Jerôme Napoléon, roi de Westphalie",אנונימי,Author,,,,,,,,
producer92,"Ben-Jacob, Meir - בן-יעקב, מאיר",Peri Hachedwah,"Ben-Jacob, Meir - בן-יעקב, מאיר",Author,,,,,,,,
producer93,"Kohn, Salomon - כהן, משלם זלמן בן שלמה",Predigt des Herrn Oberabbiners Rabbi Salomon Kohn,"Kohn, Salomon - כהן, משלם זלמן בן שלמה",Author,,,,,,,,
producer94,"Ottensosser, David - אוטנזוסר, דוד",Predigt des Herrn Oberabbiners Rabbi Salomon Kohn,"Ottensosser, David - אוטנזוסר, דוד",Translator,,,,,,,,
producer99,"Venture, Mardochée - ונטורה, מרדכי","Prière prononcée le 5 mars 1768 par les Juifs avignonois & avignonois de Bordeaux, demeurant à Paris","Venture, Mardochée - ונטורה, מרדכי","Author,Translator",,,,,,,,
producer95,"Venture, Mardochée - ונטורה, מרדכי",Prieres ... a l'usage des Juifs portugais ou espagnols 1,"Venture, Mardochée - ונטורה, מרדכי",Translator,,,,,,,,
producer96,"Venture, Mardochée - ונטורה, מרדכי",Prieres ... a l'usage des Juifs portugais ou espagnols 2,"Venture, Mardochée - ונטורה, מרדכי",Translator,,,,,,,,
producer97,"Venture, Mardochée - ונטורה, מרדכי",Prieres ... a l'usage des Juifs portugais ou espagnols 3,"Venture, Mardochée - ונטורה, מרדכי",Translator,,,,,,,,
producer98,"Venture, Mardochée - ונטורה, מרדכי",Prieres ... a l'usage des Juifs portugais ou espagnols 4,"Venture, Mardochée - ונטורה, מרדכי",Translator,,,,,,,,
producer100,"Pereire, Jacob Rodrigues",Recueil de lettres patentes,"Pereire, Jacob Rodrigues",Editor,,,,,,,,
producer101,"Jacobson, Israel - יאקאבזאהן, איזראעל",Rede am Dankfeste wegen des von Seiner Majestät dem Könige von Westphalen den Unterthanen juedischer Nation ertheilten Buergerrechts,"Jacobson, Israel - יאקאבזאהן, איזראעל",Author,,,,,,,,
producer102,Heimann - היימן,Rede bei der Einweihung des Jakobs-Tempels zu Seesen,Heimann - היימן,,,,,,,,,
producer103,"Helft, Levy - הלפט, לוי",Rede bei der Feier der Geburt eines Enkels des Durchlauchtigsten Herzogs von Braunschweig-Lüneburg,"Helft, Levy - הלפט, לוי",Author,,,,,,,,
producer104,"Beer, Peter - בער, פרץ",Rede gehalten am Jubelfeste der israelitischen Hauptschule in Prag den 10. Mai 1812,"Beer, Peter - בער, פרץ",Author,,,,,,,,
producer105,"Landau, Moses Israel",Rede gehalten am Jubelfeste der israelitischen Hauptschule in Prag den 10. Mai 1812,"Landau, Moses Israel",Author,,,,,,,,
producer106,"Euchel, Gottleb - אייכל, יחיאל גוטליב",Rede gehalten in der Versammlung der Gesellschaft zur Unterhaltung einer jüdischen Freyschule,"Euchel, Gottleb - אייכל, יחיאל גוטליב",Author,,,,,,,,
producer108,"Berr, Isaac Berr - בר, יצחק בר",Réflexions sur la régénération complète des Juifs en France,"Berr, Isaac Berr - בר, יצחק בר",Author,,,,,,,,
producer107,אנונימי,Rosenlied der Korahiten,אנונימי,Author,,,,,,,,
producer109,"Alexander, Isaak - אלכסנדר, יצחק",Salomo und Joseph II.,"Alexander, Isaak - אלכסנדר, יצחק",Author,,,,,,,,
producer110,"Maimon, Salomon - מימון, שלמה",Salomon Maimon's Lebensgeschichte 1,"Maimon, Salomon - מימון, שלמה",Author,,,,,,,,
producer111,"Moritz, Karl Philipp - מוריץ, קרל פיליף",Salomon Maimon's Lebensgeschichte 1,"Moritz, Karl Philipp - מוריץ, קרל פיליף",Mevi La'Dfus (Producer),,,,,,,,
producer112,"Maimon, Salomon - מימון, שלמה",Salomon Maimon's Lebensgeschichte 2,"Maimon, Salomon - מימון, שלמה",Author,,,,,,,,
producer113,"Moritz, Karl Philipp - מוריץ, קרל פיליף",Salomon Maimon's Lebensgeschichte 2,"Moritz, Karl Philipp - מוריץ, קרל פיליף",Mevi La'Dfus (Producer),,,,,,,,
producer114,"Bendavid, Lazarus - בנדוד, לצרוס","Sammlung der Schriften an die Nationalversammlung, die Juden und ihre bürgerliche Verbesserung betreffend","Bendavid, Lazarus - בנדוד, לצרוס",Translator,,,,,,,,
producer115,אנונימי,Schreiben eines deutschen Juden an den amerikanischen Präsidenten O.,אנונימי,Author,,,,,,,,
producer116,"Pereire, Jacob Rodrigues",Seconde lettre circulaire en defense des Juifs Portugais,"Pereire, Jacob Rodrigues",Author,,,,,,,,
producer118,"Schott, Benedict",Sendschreiben an meine Brüder die Israeliten in Westfalen die Errichtung eines jüdischen Consistoriums betreffend,"Schott, Benedict",Author,,,,,,,,
producer117,"Friedländer, David - פרידלענדר, דוד",Sendschreiben an Seine Hochwürden Herrn Oberconsistorialrath und Probst Teller,"Friedländer, David - פרידלענדר, דוד",Author,,,,,,,,
producer119,אנונימי,Statuten der neuen Beerdigungs-Anstalt der Jüdischen Nation in Hamburg,אנונימי,"Author,Mevi La'Dfus (Producer)",,,,,,,,
producer120,"Lesczinski, Elasar - לשצ'ינסקי, אלעזר","Trauer-Gedicht auf den Tod Ihrer Majestät der hochverewigten regierenden Königin Luise Auguste Wilhelmine Amalia, Gemahlin Seiner Majestät Friedrich Wilhelm des Dritten, regierenden Königs von Preuβen","Lesczinski, Elasar - לשצ'ינסקי, אלעזר",Author,,,,,,,,
producer121,"Wessely, Hartwig - וייזל, נפתלי הרץ",Trauerrede über das Ableben des weisesten Monarchen ... Friedrich des Zweiten,"Wessely, Hartwig - וייזל, נפתלי הרץ",Author,,,,,,,,
producer122,"Bendavid, Lazarus - בנדוד, לצרוס",Trauerrede über das Ableben des weisesten Monarchen ... Friedrich des Zweiten,"Bendavid, Lazarus - בנדוד, לצרוס",Translator,,,,,,,,
producer140,"Philipson, Moses - פיליפסון, משה",Über die Verbesserung des Judeneids,"Philipson, Moses - פיליפסון, משה",Author,,,,,,,,
producer127,"Davidson, Wolf - דוידזון, וולף",Ueber die bürgerliche Verbesserung der Juden,"Davidson, Wolf - דוידזון, וולף",Author,,,,,,,,
producer124,"Bendavid, Lazarus - בנדוד, לצרוס",Ueber die Religion der Ebräer vor Moses,"Bendavid, Lazarus - בנדוד, לצרוס",Author,,,,,,,,
producer125,"Henle, Elkan",Ueber die Verbesserung des Judenthums,"Henle, Elkan",Author,,,,,,,,
producer126,"Henle, Elkan",Ueber die Verfassung der Juden im Königreiche Baiern und die Verbesserung derselben zum Nutzen des Staats,"Henle, Elkan",Author,,,,,,,,
producer128,"Friedländer, David - פרידלענדר, דוד","Ueber die, durch die neue Organisation der Judenschaften in den Preußischen Staaten nothwendig gewordene, Umbildung","Friedländer, David - פרידלענדר, דוד",Author,,,,,,,,
producer123,"Höchheimer, Simon - הכהיימר, שמעון",Ueber Moses Mendelsohns Tod,"Höchheimer, Simon - הכהיימר, שמעון",Author,,,,,,,,
producer129,"Jacobson, Israel - יאקאבזאהן, איזראעל",Unterthänigste Vorstellung an Seine Hoheit den Fürst Primas der Rheinischen Konföderation über Höchstdessen neue Stättigkeits- und Schutzordnung für die Judenschaft in Frankfurt am Main,"Jacobson, Israel - יאקאבזאהן, איזראעל",Author,,,,,,,,
producer130,"Alexander, Isaak - אלכסנדר, יצחק",Verein! der Mosaischen Geseze mit dem Talmud in zwey Abhandlungen,"Alexander, Isaak - אלכסנדר, יצחק",Author,,,,,,,,
producer131,"Homberg, Herz - הרץ, הומברג",Verteidigung der jüdischen Nation gegen die in den Provinzialblättern enthaltenen Angriffe,"Homberg, Herz - הרץ, הומברג",,,,,,,,,
producer132,"Alexander, Isaak - אלכסנדר, יצחק",Von dem Daseyn Gottes die selbst redende Vernunft,"Alexander, Isaak - אלכסנדר, יצחק",Author,,,,,,,,
producer133,"Wolf, Elcan Isaac - וולף, אלקן יצחק",Von den Krankheiten der Juden,"Wolf, Elcan Isaac - וולף, אלקן יצחק",Author,,,,,,,,
producer134,"Alexander, Isaak - אלכסנדר, יצחק",Wahrheiten zur göttlichen Weisheit,"Alexander, Isaak - אלכסנדר, יצחק",Author,,,,,,,,
producer135,"Wessely, Hartwig - וייזל, נפתלי הרץ",Worte der Wahrheit und des Friedens an die gesammte jüdische Nation,"Wessely, Hartwig - וייזל, נפתלי הרץ",Author,,,,,,,,
producer136,"Friedländer, David - פרידלענדר, דוד",Worte der Wahrheit und des Friedens an die gesammte jüdische Nation,"Friedländer, David - פרידלענדר, דוד",Translator,,,,,,,,
producer137,"Schott, Benedict","Zaphnath-Paneach Oder Sammlung moralischer Lehren, Sprüche, Erzählungen und Gedichte, aus dem Talmud und andern heiligen Schriften","Schott, Benedict","Author,Mevi La'Dfus (Producer)",,,,,,,,
producer138,אנונימי,Zweite Nachricht von dem Zustande der Jüdischen Freischule in Berlin,אנונימי,,,,,,,,,
producer139,"Homberg, Herz - הרץ, הומברג",Zwölf Fragen,"Homberg, Herz - הרץ, הומברג",,,,,,,,,
producer141,"Wolfsohn-Halle, Aron - וולפסון, אהרון",אבטליון,"Wolfsohn-Halle, Aron - וולפסון, אהרון",Author,,,,,,,,
producer142,"Dubno, Salomon - דובנא, שלמה",אבל יחיד,"Dubno, Salomon - דובנא, שלמה",Author,,,,,,,,
producer143,"Pappenheimer, Salomon Seligmann - פאפנהיים, שלמה",אגדת ארבע כוסות,"Pappenheimer, Salomon Seligmann - פאפנהיים, שלמה",Author,,,,,,,,
producer144,"Levi, Avigdor - לוי, אביגדור",אגרות,"Levi, Avigdor - לוי, אביגדור",Editor,,,,,,,,
producer145,"Satanow, Isaak - סטנוב, יצחק",אגרת אדר היקר,"Satanow, Isaak - סטנוב, יצחק",Author,,,,,,,,
producer146,"Landau, Israel - לנדא, ישראל",אגרת ארחות עולם,"Landau, Israel - לנדא, ישראל",Editor,,,,,,,,
producer147,"Satanow, Isaak - סטנוב, יצחק",אגרת בית תפלה,"Satanow, Isaak - סטנוב, יצחק",,,,,,,,,
producer148,Reuben ben Abraham Levi - ראובן בן אברהם לוי,אגרת הראשון לחנך לנער בכתב ולשון,Reuben ben Abraham Levi - ראובן בן אברהם לוי,,,,,,,,,
producer149,"Dubno, Salomon - דובנא, שלמה",אהבת ציון,"Dubno, Salomon - דובנא, שלמה",Editor,,,,,,,,
producer150,"Ben Seew, Juda Löb - בן-זאב, יהודה ליב",אוצר השרשים א,"Ben Seew, Juda Löb - בן-זאב, יהודה ליב",Author,,,,,,,,
producer151,"Ben Seew, Juda Löb - בן-זאב, יהודה ליב",אוצר השרשים ב,"Ben Seew, Juda Löb - בן-זאב, יהודה ליב",Author,,,,,,,,
producer152,"Ben Seew, Juda Löb - בן-זאב, יהודה ליב",אוצר השרשים ג,"Ben Seew, Juda Löb - בן-זאב, יהודה ליב",Author,,,,,,,,
producer153,"Bondi, Simon - בונדי, שמעון","אור אסתר oder Beleuchtung der im Talmud von Babylon und Jerusalem, in den Targumim und Midraschim vorkommenden fremden besonders lateinischen Wörter","Bondi, Simon - בונדי, שמעון",Author,,,,,,,,
producer154,"Bondi, Mardochai - בונדי, מרדכי","אור אסתר oder Beleuchtung der im Talmud von Babylon und Jerusalem, in den Targumim und Midraschim vorkommenden fremden besonders lateinischen Wörter","Bondi, Mardochai - בונדי, מרדכי",Author,,,,,,,,
producer155,Israelitische Haupt- und Freischule zu Deßaus - משגיחי חנוך נערים בעיר דעסויא,"אור אסתר oder Beleuchtung der im Talmud von Babylon und Jerusalem, in den Targumim und Midraschim vorkommenden fremden besonders lateinischen Wörter",Israelitische Haupt- und Freischule zu Deßaus - משגיחי חנוך נערים בעיר דעסויא,Editor,,,,,,,,
producer156,אנונימי,אור טוב,אנונימי,,,,,,,,,
producer157,"מודינה, דוד בן-ציון בן אברהם",אור לוסטרו,"מודינה, דוד בן-ציון בן אברהם",,,,,,,,,
producer158,"Mendelssohn, Moses - מנדלסון, משה",אור לנתיבה,"Mendelssohn, Moses - מנדלסון, משה",Author,,,,,,,,
producer160,"פיאצה, משה אהרן רחמים",אורה ושמחה,"פיאצה, משה אהרן רחמים",,,,,,,,,
producer159,אנונימי,אורה ושמחה ליהודים,אנונימי,,,,,,,,,
producer161,"לוין, צבי הירש",איש עניו,"לוין, צבי הירש",Author,,,,,,,,
producer162,אנונימי,אל ראשי עם קדש בני ישראל,אנונימי,Author,,,,,,,,
producer163,"Luzzatto, Ephraim - לוצטו, אפרים",אלה בני הנעורים,"Luzzatto, Ephraim - לוצטו, אפרים",Author,,,,,,,,
producer164,אנונימי,אלה דברי הברית,אנונימי,Author,,,,,,,,
producer165,אנונימי,אלה הם השירים,אנונימי,Author,,,,,,,,
producer166,"Troplowitz, Joseph Ephrati - האפרתי, יוסף מטראפלוויץ",אלון בכות,"Troplowitz, Joseph Ephrati - האפרתי, יוסף מטראפלוויץ",Author,,,,,,,,
producer167,"שיאר, אברהם נפתלי הירץ",אמירה נעימה,"שיאר, אברהם נפתלי הירץ",Author,,,,,,,,
producer168,"משה צבי ב""ר מנחם מוויהל",אמירה נעימה,"משה צבי ב""ר מנחם מוויהל",Translator,,,,,,,,
producer169,"Berlin, Saul - ברלין, שאול",אמר הצעיר ...,"Berlin, Saul - ברלין, שאול",Author,,,,,,,,
producer170,"Homberg, Herz - הרץ, הומברג",אמרי שפר,"Homberg, Herz - הרץ, הומברג",Author,,,,,,,,
producer171,אנונימי,אן דיא עלטרן דער ווילהלמס-שילר,אנונימי,Author,,,,,,,,
producer172,"אליהו בן רפאל שלמה, הלוי",אנקת השיר,"אליהו בן רפאל שלמה, הלוי",,,,,,,,,
producer173,אנונימי,אקטא אסתר מיט אחשורוס,אנונימי,Author,,,,,,,,
producer174,"מרדכי בן יצחק, הלוי",אשכר אקריב,"מרדכי בן יצחק, הלוי",Author,,,,,,,,
producer175,"Mendelssohn, Moses - מנדלסון, משה",באור מלות ההגיון,"Mendelssohn, Moses - מנדלסון, משה",Commentator,,,,,,,,
producer176,"הקלירי, שמשון",באור מלות ההגיון,"הקלירי, שמשון",Mevi La'Dfus (Producer),,,,,,,,
producer177,"Löwysohn, Salomon - לוויזון, שלמה",בית האוסף,"Löwysohn, Salomon - לוויזון, שלמה",Author,,,,,,,,
producer178,"Ben Seew, Juda Löb - בן-זאב, יהודה ליב",בית הספר א,"Ben Seew, Juda Löb - בן-זאב, יהודה ליב",Author,,,,,,,,
producer179,"Ben Seew, Juda Löb - בן-זאב, יהודה ליב",בית הספר ב,"Ben Seew, Juda Löb - בן-זאב, יהודה ליב",Author,,,,,,,,
producer180,"גרונדשטין, יעקב לוי",בית יעקב,"גרונדשטין, יעקב לוי",Author,,,,,,,,
producer181,"Riess, Nathan - ריז, נתן",בנות השיר,"Riess, Nathan - ריז, נתן",Author,,,,,,,,
producer182,"Beer, Peter - בער, פרץ",בער פרץ,"Beer, Peter - בער, פרץ",Author,,,,,,,,
producer183,"Baschwitz, Zebi (Hirsch) ben Meir - בשביץ, צבי הירש בן מאיר",בריב שטעללר אדער פתשגן הכתב,"Baschwitz, Zebi (Hirsch) ben Meir - בשביץ, צבי הירש בן מאיר",,,,,,,,,
producer184,פועלי בית הדפוס חנוך נערים,ברכת פועלים,פועלי בית הדפוס חנוך נערים,Author,,,,,,,,
producer185,"Neumann, Moses Samuel - נוימן, משה שמואל",בת יפתח,"Neumann, Moses Samuel - נוימן, משה שמואל",Author,,,,,,,,
producer186,אברהם בן אליהו,גבולות ארץ,אברהם בן אליהו,,,,,,,,,
producer187,"Friedländer, David - פרידלענדר, דוד",גבעטי דער יודן אויף דאס גאנצי יאהר,"Friedländer, David - פרידלענדר, דוד","Translator,Commentator",,,,,,,,
producer188,"Belinfante, Isaac - בלינפנטי, יצחק",גילת ורנן,"Belinfante, Isaac - בלינפנטי, יצחק",Author,,,,,,,,
producer189,"Franco Mendes, David - פרנקו-מנדס, דוד",גמול עתליה,"Franco Mendes, David - פרנקו-מנדס, דוד",Author,,,,,,,,
producer190,"Wessely, Hartwig - וייזל, נפתלי הרץ",גן נעול א,"Wessely, Hartwig - וייזל, נפתלי הרץ",Author,,,,,,,,
producer191,"Wessely, Hartwig - וייזל, נפתלי הרץ",גן נעול ב,"Wessely, Hartwig - וייזל, נפתלי הרץ",Author,,,,,,,,
producer192,"Schiff, Isaak Benedix - שיף, בנדיט איצק",דבר בעתו,"Schiff, Isaak Benedix - שיף, בנדיט איצק",Author,,,,,,,,
producer193,"Cohen, Salomon Jacob - כהן, שלום",דבר בעתו,"Cohen, Salomon Jacob - כהן, שלום","Translator,Editor",,,,,,,,
producer194,"Jeitteles, Baruch (Benedict) - ייטלש, ברוך",דברי יאזעף השני האחרונים,"Jeitteles, Baruch (Benedict) - ייטלש, ברוך",Translator,,,,,,,,
producer195,"Satanow, Isaak - סטנוב, יצחק",דברי ריבות א,"Satanow, Isaak - סטנוב, יצחק",,,,,,,,,
producer196,"Satanow, Isaak - סטנוב, יצחק",דברי ריבות ב,"Satanow, Isaak - סטנוב, יצחק",,,,,,,,,
producer197,"Wessely, Hartwig - וייזל, נפתלי הרץ",דברי שלום ואמת א,"Wessely, Hartwig - וייזל, נפתלי הרץ",Author,,,,,,,,
producer198,"Wessely, Hartwig - וייזל, נפתלי הרץ",דברי שלום ואמת ב,"Wessely, Hartwig - וייזל, נפתלי הרץ",Author,,,,,,,,
producer199,"Wessely, Hartwig - וייזל, נפתלי הרץ",דברי שלום ואמת ג,"Wessely, Hartwig - וייזל, נפתלי הרץ",Author,,,,,,,,
producer200,"Wessely, Hartwig - וייזל, נפתלי הרץ",דברי שלום ואמת ד,"Wessely, Hartwig - וייזל, נפתלי הרץ",Author,,,,,,,,
producer201,"Mendelssohn, Moses - מנדלסון, משה",דרוש על השלום,"Mendelssohn, Moses - מנדלסון, משה",Translator,,,,,,,,
producer202,"Leo, Hartog - לאו, הרטוג",דרוש על השלום,"Leo, Hartog - לאו, הרטוג",Mevi La'Dfus (Producer),,,,,,,,
producer203,"מוזסזון, אהרן בן משה מגזע צבי מוזסזון, אהרן בן משה מגזע צבי",דרוש על השלום,"מוזסזון, אהרן בן משה מגזע צבי מוזסזון, אהרן בן משה מגזע צבי",,,,,,,,,
producer204,"Oven, Abraham van - אובן, אברהם",דרך איש ישר,"Oven, Abraham van - אובן, אברהם",Translator,,,,,,,,
producer205,"Löwenstamm, Chaim ben Arije Löb - לוונשטם, חיים בן אריה ליב",דרך חיים,"Löwenstamm, Chaim ben Arije Löb - לוונשטם, חיים בן אריה ליב",,,,,,,,,
producer208,"Heidenheim, Wolf - הידנהים, וולף",דרכי נעם,"Heidenheim, Wolf - הידנהים, וולף","Commentator,Mevi La'Dfus (Producer)",,,,,,,,
producer206,"Euchel, Isaac Abraham - אייכל, יצחק",דרכי נעם אדער איבערזעצונג פאן ספר משלי,"Euchel, Isaac Abraham - אייכל, יצחק","Translator,Commentator",,,,,,,,
producer207,"Philippson, Moses - פיליפסון, משה",דרכי נעם אדער איבערזעצונג פאן ספר משלי,"Philippson, Moses - פיליפסון, משה","Editor,Mevi La'Dfus (Producer)",,,,,,,,
producer209,"Beer, Peter - בער, פרץ",דת ישראל oder Das Judenthum 1,"Beer, Peter - בער, פרץ",Author,,,,,,,,
producer210,"Beer, Peter - בער, פרץ",דת ישראל oder Das Judenthum 2,"Beer, Peter - בער, פרץ",Author,,,,,,,,
producer211,"Ben Seew, Juda Löb - בן-זאב, יהודה ליב",האמונות והדעות,"Ben Seew, Juda Löb - בן-זאב, יהודה ליב",Commentator,,,,,,,,
producer212,אנונימי,האנד לעקסיקאן,אנונימי,Author,,,,,,,,
producer213,"Schwabacher, Heimann - שובכר, חיים צבי",הדרכת הילד אדער ערסטער אונטערריכט פיר קינדער פאן דרייא ביס פינף יאהרען,"Schwabacher, Heimann - שובכר, חיים צבי",Author,,,,,,,,
producer214,אנונימי,היסטאריע,אנונימי,,,,,,,,,
producer215,"Schulman, Naftali Hirtz - שולמן, נפתלי הרץ",המצאה חדשה מדבר שין,"Schulman, Naftali Hirtz - שולמן, נפתלי הרץ",Author,,,,,,,,
producer216,"Mendelssohn, Moses - מנדלסון, משה",הנפש,"Mendelssohn, Moses - מנדלסון, משה",Author,,,,,,,,
producer217,"Friedländer, David - פרידלענדר, דוד",הנפש,"Friedländer, David - פרידלענדר, דוד",Mevi La'Dfus (Producer),,,,,,,,
producer218,"Dormitzer, Meir Markus - דורמיצר, מאיר",העתקה,"Dormitzer, Meir Markus - דורמיצר, מאיר",Author,,,,,,,,
producer219,"אברהם בן לא""א כהן מביסטריץ",העתקה,"אברהם בן לא""א כהן מביסטריץ",Editor,,,,,,,,
producer220,"Friedländer, David - פרידלענדר, דוד",הפטרה לשחרית יום הכפורים,"Friedländer, David - פרידלענדר, דוד",Translator,,,,,,,,
producer221,"Mendelssohn, Moses - מנדלסון, משה",הפטרות מכל השנה א,"Mendelssohn, Moses - מנדלסון, משה",Translator,,,,,,,,
producer222,"Euchel, Gottleb - אייכל, יחיאל גוטליב",הפטרות מכל השנה א,"Euchel, Gottleb - אייכל, יחיאל גוטליב",Translator,,,,,,,,
producer223,"Friedländer, David - פרידלענדר, דוד",הפטרות מכל השנה א,"Friedländer, David - פרידלענדר, דוד",Translator,,,,,,,,
producer224,"Euchel, Isaac Abraham - אייכל, יצחק",הפטרות מכל השנה א,"Euchel, Isaac Abraham - אייכל, יצחק",Translator,,,,,,,,
producer225,"Wolfsohn-Halle, Aron - וולפסון, אהרון",הפטרות מכל השנה א,"Wolfsohn-Halle, Aron - וולפסון, אהרון",Translator,,,,,,,,
producer226,"Lindau, Baruch ben Jehuda Löb - לינדא, ברוך",הפטרות מכל השנה א,"Lindau, Baruch ben Jehuda Löb - לינדא, ברוך",Translator,,,,,,,,
producer227,"ברי""ל, אלחנן",הפטרות מכל השנה א,"ברי""ל, אלחנן",Translator,,,,,,,,
producer228,גדליה מאברזיטצקא,הפטרות מכל השנה א,גדליה מאברזיטצקא,Translator,,,,,,,,
producer229,"טהעאדאר, דוד",הפטרות מכל השנה א,"טהעאדאר, דוד",Translator,,,,,,,,
producer230,"פרידלנדר, בר""ד בונם",הפטרות מכל השנה א,"פרידלנדר, בר""ד בונם",Translator,,,,,,,,
producer231,"Friedländer, David - פרידלענדר, דוד",הפטרות מכל השנה ב,"Friedländer, David - פרידלענדר, דוד",Translator,,,,,,,,
producer232,"Mendelssohn, Moses - מנדלסון, משה",הפטרות מכל השנה ג,"Mendelssohn, Moses - מנדלסון, משה",Translator,,,,,,,,
producer233,"Friedländer, David - פרידלענדר, דוד",הפטרות מכל השנה ג,"Friedländer, David - פרידלענדר, דוד",Translator,,,,,,,,
producer234,"Euchel, Isaac Abraham - אייכל, יצחק",הפטרות מכל השנה ג,"Euchel, Isaac Abraham - אייכל, יצחק",Translator,,,,,,,,
producer235,"Wolfsohn-Halle, Aron - וולפסון, אהרון",הפטרות מכל השנה ג,"Wolfsohn-Halle, Aron - וולפסון, אהרון",Translator,,,,,,,,
producer236,"Löwe, Joel - ברי""ל, יואל",הפטרות מכל השנה ג,"Löwe, Joel - ברי""ל, יואל",Translator,,,,,,,,
producer237,"פרידלענדר, בונם בר""ד בונם בר""ד פ""ל",הפטרות מכל השנה ג,"פרידלענדר, בונם בר""ד בונם בר""ד פ""ל",Translator,,,,,,,,
producer238,"משה בר""ד פ""ל משה בר""ד פ""ל",הפטרות מכל השנה ג,"משה בר""ד פ""ל משה בר""ד פ""ל",Translator,,,,,,,,
producer239,"טהעאדאר, דוד",הפטרות מכל השנה ג,"טהעאדאר, דוד",Translator,,,,,,,,
producer240,"ראכנאווע, יוזל",הפטרות מכל השנה ג,"ראכנאווע, יוזל",Translator,,,,,,,,
producer241,"אברהם בר""א פל",הפטרות מכל השנה ג,"אברהם בר""א פל",Translator,,,,,,,,
producer242,"יאקב ז""ב",הפטרות מכל השנה ג,"יאקב ז""ב",Translator,,,,,,,,
producer243,"Friedländer, David - פרידלענדר, דוד",הפטרות מכל השנה ד,"Friedländer, David - פרידלענדר, דוד",Translator,,,,,,,,
producer244,"Euchel, Isaac Abraham - אייכל, יצחק",הפטרות מכל השנה ד,"Euchel, Isaac Abraham - אייכל, יצחק",Translator,,,,,,,,
producer245,"Wolfsohn-Halle, Aron - וולפסון, אהרון",הפטרות מכל השנה ד,"Wolfsohn-Halle, Aron - וולפסון, אהרון",Translator,,,,,,,,
producer246,"Lindau, Baruch ben Jehuda Löb - לינדא, ברוך",הפטרות מכל השנה ד,"Lindau, Baruch ben Jehuda Löb - לינדא, ברוך",Translator,,,,,,,,
producer247,"Löwe, Joel - ברי""ל, יואל",הפטרות מכל השנה ד,"Löwe, Joel - ברי""ל, יואל",Translator,,,,,,,,
producer248,"פרידלענדר, בונם בר""ד בונם בר""ד פ""ל",הפטרות מכל השנה ד,"פרידלענדר, בונם בר""ד בונם בר""ד פ""ל",Translator,,,,,,,,
producer249,"משה בר""ד פ""ל משה בר""ד פ""ל",הפטרות מכל השנה ד,"משה בר""ד פ""ל משה בר""ד פ""ל",Translator,,,,,,,,
producer250,גדליה מאברזיטצקא,הפטרות מכל השנה ד,גדליה מאברזיטצקא,Translator,,,,,,,,
producer251,"טהעאדאר, דוד",הפטרות מכל השנה ד,"טהעאדאר, דוד",Translator,,,,,,,,
producer252,"ראכנאווע, יוזל",הפטרות מכל השנה ד,"ראכנאווע, יוזל",Translator,,,,,,,,
producer253,"Heidenheim, Wolf - הידנהים, וולף",הפיוטים והפייטנים,"Heidenheim, Wolf - הידנהים, וולף",Author,,,,,,,,
producer254,"Romanelli, Samuel - רומנלי, שמואל",הקולות יחדלון או משפט שלום,"Romanelli, Samuel - רומנלי, שמואל",Author,,,,,,,,
producer256,"Ottensosser, David - אוטנזוסר, דוד",השלום,"Ottensosser, David - אוטנזוסר, דוד",Author,,,,,,,,
producer257,"Schwabacher, Heimann - שובכר, חיים צבי",השלום,"Schwabacher, Heimann - שובכר, חיים צבי",Author,,,,,,,,
producer255,"Levy, Elie - אליהו חלפן",השלום - תקסב,"Levy, Elie - אליהו חלפן",Author,,,,,,,,
producer258,אנונימי,"התעוררות שמחה וששון ... ליהודים ק""ק אשכנזים ... אשר בעיר אלטונא ... בראותם את יקר תפארת ... קריסטיאנוס השביעי מלך דענימרק ונארוועגן",אנונימי,Author,,,,,,,,
producer259,"Friedrichsfeld, David - פרידריכספלד, דוד",זאת חנוכת הבית,"Friedrichsfeld, David - פרידריכספלד, דוד",Author,,,,,,,,
producer260,"Graanboom, Izak - גראנבום, יצחק",זאת חנוכת הבית,"Graanboom, Izak - גראנבום, יצחק",Author,,,,,,,,
producer261,"מרגליות, יהודה ליב בן אשר זליג",זה ספר בית המדות,"מרגליות, יהודה ליב בן אשר זליג",Author,,,,,,,,
producer262,"Friedrichsfeld, David - פרידריכספלד, דוד",זה ספר זכר צדיק,"Friedrichsfeld, David - פרידריכספלד, דוד",Author,,,,,,,,
producer263,"מרגליות, יהודה ליב בן אשר זליג",זה ספר טוב ויפה,"מרגליות, יהודה ליב בן אשר זליג",Author,,,,,,,,
producer264,"Dessau, Wolf - דסאו, וולף",זה ספר פשר דבר,"Dessau, Wolf - דסאו, וולף",Commentator,,,,,,,,
producer265,"Kohen Piwana, Josephi - פיבני, יוסף בן איזק, כהנא",זכרון יוסף,"Kohen Piwana, Josephi - פיבני, יוסף בן איזק, כהנא",Author,,,,,,,,
producer266,"Friedländer, David - פרידלענדר, דוד",זענד-שרייבן אן דיא דייטשי יודן,"Friedländer, David - פרידלענדר, דוד",Author,,,,,,,,
producer267,"Levi, Avigdor - לוי, אביגדור",חותם תכנית,"Levi, Avigdor - לוי, אביגדור",Author,,,,,,,,
producer268,אנונימי,חי בן מקיץ,אנונימי,,,,,,,,,
producer269,"Ben Seew, Juda Löb - בן-זאב, יהודה ליב",חכמת יהושע בן סירא,"Ben Seew, Juda Löb - בן-זאב, יהודה ליב",Translator,,,,,,,,
producer270,"Salomon, Gotthold - סלומון, גוטהולד",חלקת מחקק,"Salomon, Gotthold - סלומון, גוטהולד","Translator,Commentator",,,,,,,,
producer271,"Pappenheimer, Salomon Seligmann - פאפנהיים, שלמה",חשק שלמה,"Pappenheimer, Salomon Seligmann - פאפנהיים, שלמה",Author,,,,,,,,
producer272,אנונימי,יום מלכים ימלוכו,אנונימי,,,,,,,,,
producer273,"Löwe, Joel - ברי""ל, יואל",יונה,"Löwe, Joel - ברי""ל, יואל","Translator,Commentator",,,,,,,,
producer274,"Derenburg, Zebi Hirsch - דרנבורג, הירש",יושבי תבל,"Derenburg, Zebi Hirsch - דרנבורג, הירש",Author,,,,,,,,
producer275,שמעון פיורדא,יושבי תבל,שמעון פיורדא,Editor,,,,,,,,
producer276,"Breslauer, Mendel - ברסלאו, מנדל",ילדות ובחרות או נתיבות החנוך והמוסר,"Breslauer, Mendel - ברסלאו, מנדל",Author,,,,,,,,
producer277,"Pappenheimer, Salomon Seligmann - פאפנהיים, שלמה",יריעות שלמה א,"Pappenheimer, Salomon Seligmann - פאפנהיים, שלמה",Author,,,,,,,,
producer278,"Pappenheimer, Salomon Seligmann - פאפנהיים, שלמה",יריעות שלמה ג,"Pappenheimer, Salomon Seligmann - פאפנהיים, שלמה",Author,,,,,,,,
producer279,"Beer, Peter - בער, פרץ","כוס ישועות, oder Kelch des Heils","Beer, Peter - בער, פרץ",Author,,,,,,,,
producer280,"Schönemann, Salomo - שינמן, שלמה",כימיאה אדער שיידיקונסט א,"Schönemann, Salomo - שינמן, שלמה",Author,,,,,,,,
producer281,"פולק, אהרן",כלילת אהבה,"פולק, אהרן",Author,,,,,,,,
producer282,"Buchner, Zeev Wolf - בוכנר, זאב וולף","כתר מלכות לרזב""ד","Buchner, Zeev Wolf - בוכנר, זאב וולף",Author,,,,,,,,
producer283,"(Feder)-Guttmann, Tuvia - פדר, טוביה",להט החרב,"(Feder)-Guttmann, Tuvia - פדר, טוביה",Author,,,,,,,,
producer284,"Ben Seew, Juda Löb - בן-זאב, יהודה ליב",לוח הפעלים,"Ben Seew, Juda Löb - בן-זאב, יהודה ליב",Author,,,,,,,,
producer285,"Levi, Hannover Raphael - לוי, רפאל מהנובר",לוח עלות השחר,"Levi, Hannover Raphael - לוי, רפאל מהנובר",Author,,,,,,,,
producer286,"Löwe, Joel - ברי""ל, יואל",לוחות בניני הפעלים עם משקלי השמות,"Löwe, Joel - ברי""ל, יואל",Author,,,,,,,,
producer287,"Levi, Hannover Raphael - לוי, רפאל מהנובר",לוחות העיבור א,"Levi, Hannover Raphael - לוי, רפאל מהנובר",Author,,,,,,,,
producer288,"Levi, Hannover Raphael - לוי, רפאל מהנובר",לוחות העיבור ב,"Levi, Hannover Raphael - לוי, רפאל מהנובר",Author,,,,,,,,
producer289,"Wolfsohn-Halle, Aron - וולפסון, אהרון",לייכטזין אונד פרעממעלייא,"Wolfsohn-Halle, Aron - וולפסון, אהרון",Author,,,,,,,,
producer290,"Dubno, Salomon - דובנא, שלמה",לישרים תהלה,"Dubno, Salomon - דובנא, שלמה",Mevi La'Dfus (Producer),,,,,,,,
producer291,"Wessely, Hartwig - וייזל, נפתלי הרץ",לכבוד איש מהולל,"Wessely, Hartwig - וייזל, נפתלי הרץ",Author,,,,,,,,
producer292,"Wessely, Hartwig - וייזל, נפתלי הרץ",לכבוד הגביר,"Wessely, Hartwig - וייזל, נפתלי הרץ",Author,,,,,,,,
producer293,"Wessely, Hartwig - וייזל, נפתלי הרץ",לכבוד המושל הגדול,"Wessely, Hartwig - וייזל, נפתלי הרץ",Author,,,,,,,,
producer294,אנונימי,לעבענס בשרייבונג יאזעפס II,אנונימי,Author,,,,,,,,
producer295,"Mendelssohn, Moses - מנדלסון, משה",לשון הזהב,"Mendelssohn, Moses - מנדלסון, משה",Author,,,,,,,,
producer296,"Lemans, Moses - למנס, משה",מאמר אמרה צרופה,"Lemans, Moses - למנס, משה",Author,,,,,,,,
producer297,"Levison, George (Mordechai Gumpel Schnaber) - שנאבר-לויזון, גומפל מרדכי",מאמר התורה והחכמה,"Levison, George (Mordechai Gumpel Schnaber) - שנאבר-לויזון, גומפל מרדכי",Author,,,,,,,,
producer298,"Wessely, Hartwig - וייזל, נפתלי הרץ",מאמר חקור דין,"Wessely, Hartwig - וייזל, נפתלי הרץ",Author,,,,,,,,
producer299,"יאנוב, שבתי בן דוד יאנוב, שבתי בן דוד",מאמר חקור דין,"יאנוב, שבתי בן דוד יאנוב, שבתי בן דוד",,,,,,,,,
producer300,"Wessely, Hartwig - וייזל, נפתלי הרץ",מאמר מגיד חדשות,"Wessely, Hartwig - וייזל, נפתלי הרץ",Author,,,,,,,,
producer301,"Breslauer, Mendel - ברסלאו, מנדל",מאמר צדק ועוני או עוז הצדק,"Breslauer, Mendel - ברסלאו, מנדל",Author,,,,,,,,
producer302,"Ben Seew, Juda Löb - בן-זאב, יהודה ליב",מבוא אל מקראי קדש,"Ben Seew, Juda Löb - בן-זאב, יהודה ליב",Author,,,,,,,,
producer303,"Heidenheim, Wolf - הידנהים, וולף",מבוא הלשון,"Heidenheim, Wolf - הידנהים, וולף",Author,,,,,,,,
producer304,פנחס זעליג בן אהרן,מבחר הפנינים,פנחס זעליג בן אהרן,Mevi La'Dfus (Producer),,,,,,,,
producer305,"Wolfsohn-Halle, Aron - וולפסון, אהרון",מגילת אסתר,"Wolfsohn-Halle, Aron - וולפסון, אהרון",Translator,,,,,,,,
producer306,"Wolfsohn-Halle, Aron - וולפסון, אהרון",מגלת איכה,"Wolfsohn-Halle, Aron - וולפסון, אהרון","Translator,Commentator",,,,,,,,
producer307,"Satanow, Isaak - סטנוב, יצחק",מגלת חסידים א,"Satanow, Isaak - סטנוב, יצחק",Author,,,,,,,,
producer308,"Friedländer, David - פרידלענדר, דוד",מגלת קהלת,"Friedländer, David - פרידלענדר, דוד",Translator,,,,,,,,
producer309,"Löwe, Joel - ברי""ל, יואל",מגלת קהלת,"Löwe, Joel - ברי""ל, יואל",Commentator,,,,,,,,
producer310,"Mendelssohn, Moses - מנדלסון, משה",מגלת קהלת,"Mendelssohn, Moses - מנדלסון, משה",Commentator,,,,,,,,
producer311,"Wolfsohn-Halle, Aron - וולפסון, אהרון",מגלת רות,"Wolfsohn-Halle, Aron - וולפסון, אהרון","Translator,Commentator",,,,,,,,
producer312,"Mendelssohn, Moses - מנדלסון, משה",מגלת שיר השירים,"Mendelssohn, Moses - מנדלסון, משה",Translator,,,,,,,,
producer313,"Wolfsohn-Halle, Aron - וולפסון, אהרון",מגלת שיר השירים,"Wolfsohn-Halle, Aron - וולפסון, אהרון",Commentator,,,,,,,,
producer314,"Löwe, Joel - ברי""ל, יואל",מגלת שיר השירים,"Löwe, Joel - ברי""ל, יואל",Commentator,,,,,,,,
producer315,אברהם אבלי בן ירמיה,מדבר סין,אברהם אבלי בן ירמיה,Editor,,,,,,,,
producer316,אורי פיבוש בן אריה ליב,מדרש מלים לשונות עברית ואשכנזית,אורי פיבוש בן אריה ליב,Author,,,,,,,,
producer317,"Epstein, Pelte Moses - אפשטין, פלטא בן משה",מה נכבד היום הזה,"Epstein, Pelte Moses - אפשטין, פלטא בן משה",Author,,,,,,,,
producer318,"Philippson, Moses - פיליפסון, משה",מודע לבני בינה oder Kinderfreund und Lehrer 1,"Philippson, Moses - פיליפסון, משה",Author,,1,"Philippssohn, Moses",,,,,
producer320,"Bock, Moses Hirsch - בוק, משה (בן) צבי",מודע לילדי בני ישראל,"Bock, Moses Hirsch - בוק, משה (בן) צבי",Author,,,,,,,,
producer321,Anonymous,מודע לילדי בני ישראל,Anonymous,Editor,,,,,,,,
producer322,"Friedländer, David - פרידלענדר, דוד",מודעה,"Friedländer, David - פרידלענדר, דוד",Author,,,,,,,,
producer323,"Itzig, Isaac Daniel - איציג, יצחק דניאל",מודעה,"Itzig, Isaac Daniel - איציג, יצחק דניאל",Author,,,,,,,,
producer324,"Maimon, Salomon - מימון, שלמה",מורה נבוכים א,"Maimon, Salomon - מימון, שלמה",Commentator,,,,,,,,
producer325,"Euchel, Isaac Abraham - אייכל, יצחק",מורה נבוכים א,"Euchel, Isaac Abraham - אייכל, יצחק",Mevi La'Dfus (Producer),,,,,,,,
producer326,"Satanow, Isaak - סטנוב, יצחק",מורה נבוכים ב,"Satanow, Isaak - סטנוב, יצחק","Commentator,Mevi La'Dfus (Producer)",,,,,,,,
producer327,"Satanow, Isaak - סטנוב, יצחק",מורה נבוכים ג,"Satanow, Isaak - סטנוב, יצחק","Commentator,Mevi La'Dfus (Producer)",,,,,,,,
producer328,אנונימי,מזמור לתודה לאלהינו,אנונימי,Author,,,,,,,,
producer330,"Wessely, Hartwig - וייזל, נפתלי הרץ",מזמור שיר,"Wessely, Hartwig - וייזל, נפתלי הרץ",Author,,,,,,,,
producer329,"Büschenthal, Lippmann Moses - בישנטל, ליפמן משה",מזמור שיר לבאנאפארט,"Büschenthal, Lippmann Moses - בישנטל, ליפמן משה",Translator,,,,,,,,
producer331,"Satanow, Isaak - סטנוב, יצחק",מחברות עמנואל,"Satanow, Isaak - סטנוב, יצחק",Editor,,,,,,,,
producer332,"Horowitz, Jehuda - הורוויץ, יהודה",מחברת חיי הנפש ונצחיותה,"Horowitz, Jehuda - הורוויץ, יהודה",Author,,,,,,,,
producer333,"Romanelli, Samuel - רומנלי, שמואל",מחזה שדי,"Romanelli, Samuel - רומנלי, שמואל",Author,,,,,,,,
producer334,"Heidenheim, Wolf - הידנהים, וולף",מחזור לחג השבועות - 1805,"Heidenheim, Wolf - הידנהים, וולף","Translator,Commentator,Mevi La'Dfus (Producer)",,,,,,,,
producer335,"Heidenheim, Wolf - הידנהים, וולף",מחזור מנהג פולין ליום כפור - 1803,"Heidenheim, Wolf - הידנהים, וולף","Translator,Commentator,Mevi La'Dfus (Producer)",,,,,,,,
producer336,"Baschwitz - בשוויץ, ברוך",מחזור מנהג פולין ליום כפור - 1803,"Baschwitz - בשוויץ, ברוך",Mevi La'Dfus (Producer),,,,,,,,
producer337,"Heidenheim, Wolf - הידנהים, וולף",מחזור מנהג פולין ליום כפור - 1803,"Heidenheim, Wolf - הידנהים, וולף","Translator,Commentator,Mevi La'Dfus (Producer)",,,,,,,,
producer339,"Heidenheim, Wolf - הידנהים, וולף",מחזור מנהג פולין ליום ראשון ושני של פסח - 1800,"Heidenheim, Wolf - הידנהים, וולף","Translator,Commentator,Mevi La'Dfus (Producer)",,,,,,,,
producer340,"בשוויץ, ברוך",מחזור מנהג פולין ליום ראשון ושני של פסח - 1800,"בשוויץ, ברוך",Mevi La'Dfus (Producer),,,,,,,,
producer341,"Heidenheim, Wolf - הידנהים, וולף",מחזור מנהג פולין ליום ראשון של ראש השנה - 1800,"Heidenheim, Wolf - הידנהים, וולף","Translator,Mevi La'Dfus (Producer)",,,,,,,,
producer342,"בשוויץ, ברוך",מחזור מנהג פולין ליום ראשון של ראש השנה - 1800,"בשוויץ, ברוך",Mevi La'Dfus (Producer),,,,,,,,
producer343,"Heidenheim, Wolf - הידנהים, וולף",מחזור מנהג פולין ליום שביעי ושמיני של פסח - 1800,"Heidenheim, Wolf - הידנהים, וולף","Translator,Commentator,Mevi La'Dfus (Producer)",,,,,,,,
producer344,"בשוויץ, ברוך",מחזור מנהג פולין ליום שביעי ושמיני של פסח - 1800,"בשוויץ, ברוך",Mevi La'Dfus (Producer),,,,,,,,
producer345,"Heidenheim, Wolf - הידנהים, וולף",מחזור מנהג פולין ליום שני של ראש השנה - 1800,"Heidenheim, Wolf - הידנהים, וולף","Translator,Commentator,Mevi La'Dfus (Producer)",,,,,,,,
producer346,"בשוויץ, ברוך",מחזור מנהג פולין ליום שני של ראש השנה - 1800,"בשוויץ, ברוך",Mevi La'Dfus (Producer),,,,,,,,
producer347,"Heidenheim, Wolf - הידנהים, וולף",מחזור מנהג פולין לערבית ליום כפור - 1800,"Heidenheim, Wolf - הידנהים, וולף","Translator,Commentator,Mevi La'Dfus (Producer)",,,,,,,,
producer348,"בשוויץ, ברוך",מחזור מנהג פולין לערבית ליום כפור - 1800,"בשוויץ, ברוך",Mevi La'Dfus (Producer),,,,,,,,
producer349,"Heidenheim, Wolf - הידנהים, וולף",מחזור מנהג פולין לשמיני עצרת ולשמחת תורה - 1805,"Heidenheim, Wolf - הידנהים, וולף","Translator,Commentator,Mevi La'Dfus (Producer)",,,,,,,,
producer350,"בשוויץ, ברוך",מחזור מנהג פולין לשמיני עצרת ולשמחת תורה - 1805,"בשוויץ, ברוך",Mevi La'Dfus (Producer),,,,,,,,
producer351,"Cohen, Salomon Jacob - כהן, שלום",מטעי קדם על אדמת צפון,"Cohen, Salomon Jacob - כהן, שלום",Author,,,,,,,,
producer354,"Herz, Marcus - הרץ, מרכוס",מכתב,"Herz, Marcus - הרץ, מרכוס",Author,,,,,,,,
producer355,אנונימי,מכתב,אנונימי,"Author,Translator",,,,,,,,
producer352,"Satanow, Isaak - סטנוב, יצחק",מכתב מרפא לנפש,"Satanow, Isaak - סטנוב, יצחק",Author,,,,,,,,
producer353,"Friedländer, David - פרידלענדר, דוד",מכתב מרפא לנפש,"Friedländer, David - פרידלענדר, דוד",Author,,,,,,,,
producer356,אנונימי,מכתבי הרבנים,אנונימי,Author,,,,,,,,
producer357,"Troplowitz, Joseph Ephrati - האפרתי, יוסף מטראפלוויץ",מלוכת שאול,"Troplowitz, Joseph Ephrati - האפרתי, יוסף מטראפלוויץ",Author,,,,,,,,
producer358,"Ben Seew, Juda Löb - בן-זאב, יהודה ליב",מליצה לפורים,"Ben Seew, Juda Löb - בן-זאב, יהודה ליב",Author,,,,,,,,
producer359,"Friedrichsfeld, David - פרידריכספלד, דוד",מנחת אהבים,"Friedrichsfeld, David - פרידריכספלד, דוד",Author,,,,,,,,
producer360,"Schönemann, Salomo - שינמן, שלמה",מנחת בקורים,"Schönemann, Salomo - שינמן, שלמה",Author,,,,,,,,
producer361,"Satanow, Isaak - סטנוב, יצחק",מנחת בקורים,"Satanow, Isaak - סטנוב, יצחק",,,,,,,,,
producer362,"Belinfante, Isaac - בלינפנטי, יצחק",מנחת נדבה,"Belinfante, Isaac - בלינפנטי, יצחק",Author,,,,,,,,
producer363,"Wessely, Hartwig - וייזל, נפתלי הרץ",מסכת אבות,"Wessely, Hartwig - וייזל, נפתלי הרץ",Commentator,,,,,,,,
producer364,"Baras, Simon - בר""ז, שמעון",מערכי לב,"Baras, Simon - בר""ז, שמעון",Author,,,,,,,,
producer365,"Mendelsohn, Moses - מנדלסון (פרנקפורט), משה",מציאת הארץ החדשה א,"Mendelsohn, Moses - מנדלסון (פרנקפורט), משה",Translator,,,,,,,,
producer366,"Wessely, Hartwig - וייזל, נפתלי הרץ",מציאת הארץ החדשה א,"Wessely, Hartwig - וייזל, נפתלי הרץ",Editor,,,,,,,,
producer367,אנונימי,מציאת הארץ החדשה א,אנונימי,,,,,,,,,
producer368,"Romanelli, Samuel - רומנלי, שמואל",משא בערב,"Romanelli, Samuel - רומנלי, שמואל",Author,,,,,,,,
producer369,"Cohen, Salomon Jacob - כהן, שלום",משלי אגור א,"Cohen, Salomon Jacob - כהן, שלום",Author,,,,,,,,
producer370,"Satanow, Isaak - סטנוב, יצחק",משלי אסף א,"Satanow, Isaak - סטנוב, יצחק",Author,,,,,,,,
producer371,"Satanow, Isaak - סטנוב, יצחק",משלי אסף ב,"Satanow, Isaak - סטנוב, יצחק",Author,,,,,,,,
producer372,"Satanow, Isaak - סטנוב, יצחק",משלי אסף ג,"Satanow, Isaak - סטנוב, יצחק",Author,,,,,,,,
producer373,"Satanow, Isaak - סטנוב, יצחק",נבואת הילד,"Satanow, Isaak - סטנוב, יצחק",Commentator,,,,,,,,
producer374,Anonymous,נתיב לשון עברית,Anonymous,Author,,,,,,,,
producer375,"Löwe, Joel - ברי""ל, יואל",סדר הגדה על פסח,"Löwe, Joel - ברי""ל, יואל",Translator,,,,,,,,
producer376,"Satanow, Isaak - סטנוב, יצחק",סדר הגדה על פסח,"Satanow, Isaak - סטנוב, יצחק",,,,,,,,,
producer377,"Cöslin, Chajim - קסלין, חיים",סדר לוח הבנינים ולוח משקלי השמות,"Cöslin, Chajim - קסלין, חיים",,,,,,,,,
producer378,"Satanow, Isaak - סטנוב, יצחק",סדר סליחה,"Satanow, Isaak - סטנוב, יצחק",Editor,,,,,,,,
producer379,"Ottensosser, David - אוטנזוסר, דוד",סדר קינות לתשעה באב,"Ottensosser, David - אוטנזוסר, דוד",Translator,,,,,,,,
producer380,"Zirndorffer, Isaac David - צירנדורף, איצק",סדר קינות לתשעה באב,"Zirndorffer, Isaac David - צירנדורף, איצק",Mevi La'Dfus (Producer),,,,,,,,
producer381,"Worms, Ascher Anschel - וורמס, אנשיל",סייג לתורה,"Worms, Ascher Anschel - וורמס, אנשיל",Author,,,,,,,,
producer382,"Worms, Wolff - וורמס, וולף",סייג לתורה,"Worms, Wolff - וורמס, וולף",Mevi La'Dfus (Producer),,,,,,,,
producer383,"Levison, George (Mordechai Gumpel Schnaber) - שנאבר-לויזון, גומפל מרדכי",סלת מנחה בלולה,"Levison, George (Mordechai Gumpel Schnaber) - שנאבר-לויזון, גומפל מרדכי",Author,,,,,,,,
producer384,"מרגליות, יהודה ליב בן אשר זליג","ספר אגרת המליצה ומשפט לשה""ק","מרגליות, יהודה ליב בן אשר זליג",Author,,,,,,,,
producer385,"Soldin, Jakob - זולדין, אליקים איסרל",ספר אגרת הקדש,"Soldin, Jakob - זולדין, אליקים איסרל",Mevi La'Dfus (Producer),,,,,,,,
producer386,"נפתלי הירץ בן יהודה ליב, מהלברשטט",ספר אור לעת בקר,"נפתלי הירץ בן יהודה ליב, מהלברשטט",,,,,,,,,
producer388,"מרגליות, יהודה ליב בן אשר זליג",ספר אור עולם,"מרגליות, יהודה ליב בן אשר זליג",Author,,,,,,,,
producer387,יהודה ליב בן משה מהמבורג,ספר אור עולם קטן א,יהודה ליב בן משה מהמבורג,,,,,,,,,
producer389,"Satanow, Isaak - סטנוב, יצחק",ספר איוב,"Satanow, Isaak - סטנוב, יצחק",Commentator,,,,,,,,
producer390,"Satanow, Isaak - סטנוב, יצחק",ספר אמרי בינה,"Satanow, Isaak - סטנוב, יצחק",Author,,,,,,,,
producer391,"יוסף שלמה, מליסא",ספר בחינות עולם,"יוסף שלמה, מליסא",Mevi La'Dfus (Producer),,,,,,,,
producer392,"(Feder)-Guttmann, Tuvia - פדר, טוביה",ספר בית נאמן,"(Feder)-Guttmann, Tuvia - פדר, טוביה",Author,,,,,,,,
producer393,"Dubno, Salomon - דובנא, שלמה",ספר ברכת יוסף,"Dubno, Salomon - דובנא, שלמה",Author,,,,,,,,
producer394,"Levi, Avigdor - לוי, אביגדור",ספר דבר טוב,"Levi, Avigdor - לוי, אביגדור",Author,,,,,,,,
producer395,"Schwab, Abraham ben Menachem Mendel - שוואב, אברהם בן מנחם מנדל",ספר דברי יושר א,"Schwab, Abraham ben Menachem Mendel - שוואב, אברהם בן מנחם מנדל",Author,,,,,,,,
producer396,"Schwab, Abraham ben Menachem Mendel - שוואב, אברהם בן מנחם מנדל",ספר דברי יושר ב,"Schwab, Abraham ben Menachem Mendel - שוואב, אברהם בן מנחם מנדל",Author,,,,,,,,
producer397,"Marcus (Ilfeld), Hartog (Hirsch) - מרקוס, צבי הירש בן מרדכי",ספר דברי נגידים,"Marcus (Ilfeld), Hartog (Hirsch) - מרקוס, צבי הירש בן מרדכי",Translator,,,,,,,,
producer398,"Wolf, Joseph - וולף, יוסף",ספר דניאל,"Wolf, Joseph - וולף, יוסף",Translator,,,,,,,,
producer399,"Philippson, Moses - פיליפסון, משה",ספר דניאל,"Philippson, Moses - פיליפסון, משה",Commentator,,,,,,,,
producer400,"Driesen, Mordechai - דריזן, מרדכי בן שמעיה",ספר דקדוק אליהו הלוי האשכנזי,"Driesen, Mordechai - דריזן, מרדכי בן שמעיה",Mevi La'Dfus (Producer),,,,,,,,
producer401,"Marcus (Ilfeld), Hartog (Hirsch) - מרקוס, צבי הירש בן מרדכי",ספר דרך ההשגחה,"Marcus (Ilfeld), Hartog (Hirsch) - מרקוס, צבי הירש בן מרדכי",Author,,,,,,,,
producer402,"Baruch Schick of Shklov - שיק, ברוך משקלוב",ספר דרך ישרה,"Baruch Schick of Shklov - שיק, ברוך משקלוב",Author,,,,,,,,
producer403,"Jeitteles, Baruch (Benedict) - ייטלש, ברוך",ספר האורב,"Jeitteles, Baruch (Benedict) - ייטלש, ברוך",Author,,,,,,,,
producer404,"הורוויץ, פנחס אליהו",ספר הברית א,"הורוויץ, פנחס אליהו","Author,Translator",,,,,,,,
producer405,"Satanow, Isaak - סטנוב, יצחק",ספר הגדרים,"Satanow, Isaak - סטנוב, יצחק",,,,,,,,,
producer406,"Satanow, Isaak - סטנוב, יצחק",ספר הגלוי והחתום,"Satanow, Isaak - סטנוב, יצחק",Author,,,,,,,,
producer407,"Satanow, Isaak - סטנוב, יצחק",ספר הולך תמים,"Satanow, Isaak - סטנוב, יצחק",Author,,,,,,,,
producer408,"Satanow, Isaak - סטנוב, יצחק",ספר החזיון א,"Satanow, Isaak - סטנוב, יצחק",Author,,,,,,,,
producer409,"Horowitz, Jehuda - הורוויץ, יהודה",ספר היכל עונג,"Horowitz, Jehuda - הורוויץ, יהודה",Author,,,,,,,,
producer410,"Satanow, Isaak - סטנוב, יצחק",ספר הכוזרי - תקנ''ה,"Satanow, Isaak - סטנוב, יצחק",Commentator,,,,,,,,
producer411,"Samocz, Israel - זמושץ, ישראל",ספר הכוזרי - תקנ''ו,"Samocz, Israel - זמושץ, ישראל",Commentator,,,,,,,,
producer412,ירוחם בן ישכר בער מלבוב,ספר הכוזרי - תקנ''ו,ירוחם בן ישכר בער מלבוב,Mevi La'Dfus (Producer),,,,,,,,
producer413,צבי הירש בן מנחם נחום,ספר הלכה למעשה,צבי הירש בן מנחם נחום,Author,,,,,,,,
producer414,"Satanow, Isaak - סטנוב, יצחק",ספר המדות - 1784,"Satanow, Isaak - סטנוב, יצחק",Author,,,,,,,,
producer416,"Satanow, Isaak - סטנוב, יצחק",ספר המדות א,"Satanow, Isaak - סטנוב, יצחק",Commentator,,,,,,,,
producer415,"Wessely, Hartwig - וייזל, נפתלי הרץ","ספר המדות א - תקמ""ו","Wessely, Hartwig - וייזל, נפתלי הרץ",Author,,,,,,,,
producer417,"Satanow, Isaak - סטנוב, יצחק",ספר המדות ב,"Satanow, Isaak - סטנוב, יצחק",Commentator,,,,,,,,
producer418,"Gerson, Elias - אליהו מפינטשוב",ספר העקרים,"Gerson, Elias - אליהו מפינטשוב",Editor,,,,,,,,
producer419,"Satanow, Isaak - סטנוב, יצחק",ספר השרשים א,"Satanow, Isaak - סטנוב, יצחק",Author,,,,,,,,
producer420,"Satanow, Isaak - סטנוב, יצחק",ספר השרשים ב,"Satanow, Isaak - סטנוב, יצחק",Author,,,,,,,,
producer421,"Satanow, Isaak - סטנוב, יצחק",ספר ויעתר יצחק,"Satanow, Isaak - סטנוב, יצחק",Editor,,,,,,,,
producer422,"Buchner, Zeev Wolf - בוכנר, זאב וולף",ספר זבד המליצה,"Buchner, Zeev Wolf - בוכנר, זאב וולף",Author,,,,,,,,
producer423,"מינדן, יהודה ליב בן יואל",ספר זכר רב,"מינדן, יהודה ליב בן יואל",Mevi La'Dfus (Producer),,,,,,,,
producer424,"Mendelssohn, Moses - מנדלסון, משה",ספר זמירות ישראל א,"Mendelssohn, Moses - מנדלסון, משה",Translator,,,,,,,,
producer425,"Löwe, Joel - ברי""ל, יואל",ספר זמירות ישראל א,"Löwe, Joel - ברי""ל, יואל","Commentator,Editor",,,,,,,,
producer426,"Mendelssohn, Moses - מנדלסון, משה",ספר זמירות ישראל ב,"Mendelssohn, Moses - מנדלסון, משה",Translator,,,,,,,,
producer427,"Löwe, Joel - ברי""ל, יואל",ספר זמירות ישראל ב,"Löwe, Joel - ברי""ל, יואל","Commentator,Editor",,,,,,,,
producer428,"Mendelssohn, Moses - מנדלסון, משה",ספר זמירות ישראל ג,"Mendelssohn, Moses - מנדלסון, משה",Translator,,,,,,,,
producer429,"Löwe, Joel - ברי""ל, יואל",ספר זמירות ישראל ג,"Löwe, Joel - ברי""ל, יואל","Commentator,Editor",,,,,,,,
producer430,"Mendelssohn, Moses - מנדלסון, משה",ספר זמירות ישראל ד,"Mendelssohn, Moses - מנדלסון, משה",Translator,,,,,,,,
producer431,"Löwe, Joel - ברי""ל, יואל",ספר זמירות ישראל ד,"Löwe, Joel - ברי""ל, יואל","Commentator,Editor",,,,,,,,
producer432,"Löwe, Joel - ברי""ל, יואל",ספר זמירות ישראל ה,"Löwe, Joel - ברי""ל, יואל",Author,,,,,,,,
producer433,"Kerner, Moshe - קרנר, משה בן אליעזר",ספר זרע קודש,"Kerner, Moshe - קרנר, משה בן אליעזר",Author,,,,,,,,
producer434,"Ulmann, Naphtalie Herz - אולמן, נפתלי הרץ",ספר חכמת השרשים,"Ulmann, Naphtalie Herz - אולמן, נפתלי הרץ",Author,,,,,,,,
producer435,"Wessely, Hartwig - וייזל, נפתלי הרץ",ספר חכמת שלמה,"Wessely, Hartwig - וייזל, נפתלי הרץ","Translator,Commentator",,,,,,,,
producer436,"Landau, Israel - לנדא, ישראל",ספר חק לישראל,"Landau, Israel - לנדא, ישראל","Mevi La'Dfus (Producer),Translator,Editor",,,,,,,,
producer437,יעקב חיים בן יהושע הכהן,ספר חקי חיים,יעקב חיים בן יהושע הכהן,Author,,,,,,,,
producer438,"יהודה ליב בן משה, מהמבורג",ספר טורי ישפה,"יהודה ליב בן משה, מהמבורג",Author,,,,,,,,
producer439,"Schack, Chaim ben Mosche - שק, חיים בן משה",ספר יד חיים,"Schack, Chaim ben Mosche - שק, חיים בן משה",Author,,,,,,,,
producer440,"Sandersleben, Mosse Levi - סנדרסלבן, משה לוי",ספר יסוד חנוך נערים,"Sandersleben, Mosse Levi - סנדרסלבן, משה לוי","Author,Translator",,,,,,,,
producer441,בנימין משה מעלי,ספר יסוד מורא,בנימין משה מעלי,Mevi La'Dfus (Producer),,,,,,,,
producer442,"Baruch Schick of Shklov - שיק, ברוך משקלוב",ספר יסוד עולם,"Baruch Schick of Shklov - שיק, ברוך משקלוב",Mevi La'Dfus (Producer),,,,,,,,
producer443,"Friesenhausen, David ben Meir Hakohen - פריזנהויזן, דוד",ספר כליל החשבון,"Friesenhausen, David ben Meir Hakohen - פריזנהויזן, דוד",Author,,,,,,,,
producer444,"Horowitz, Jehuda - הורוויץ, יהודה",ספר כרם עין גדי,"Horowitz, Jehuda - הורוויץ, יהודה",Author,,,,,,,,
producer445,"Berlin Saul - ברלין, שאול",ספר כתב יושר,"Berlin Saul - ברלין, שאול",Author,,,,,,,,
producer446,אנונימי,ספר כתר מלכות,אנונימי,,,,,,,,,
producer447,אנונימי,ספר לשון למודים,אנונימי,Mevi La'Dfus (Producer),,,,,,,,
producer448,"Cohen, Benjamin Moses - כהן, בנימין משה",ספר מאזנים,"Cohen, Benjamin Moses - כהן, בנימין משה",Mevi La'Dfus (Producer),,,,,,,,
producer449,"פולק, מאיר בן גבריאל",ספר מאיר נתיב הלשון א,"פולק, מאיר בן גבריאל",Author,,,,,,,,
producer450,"Gumpertz, Aaron - גומפרץ, אהרון",ספר מגלה סוד,"Gumpertz, Aaron - גומפרץ, אהרון","Author,Commentator",,,,,,,,
producer451,"Horowitz, Jehuda - הורוויץ, יהודה",ספר מגלת סדרים,"Horowitz, Jehuda - הורוויץ, יהודה",Author,,,,,,,,
producer452,"Levin, Menachem Mendel - לפין, מנחם מנדל",ספר מודע לבינה,"Levin, Menachem Mendel - לפין, מנחם מנדל",Author,,,,,,,,
producer453,"הכים, משה בן חיים",ספר מכלול,"הכים, משה בן חיים","Commentator,Mevi La'Dfus (Producer)",,,,,,,,
producer454,"Katz, Haim Abraham - כץ, חיים אברהם בן יהודה",ספר מלחמה בשלום,"Katz, Haim Abraham - כץ, חיים אברהם בן יהודה",Author,,,,,,,,
producer455,"מינדן, יהודה ליב בן יואל",ספר מלים לאלוה,"מינדן, יהודה ליב בן יואל",Editor,,,,,,,,
producer456,"Wolfsohn-Halle, Aron - וולפסון, אהרון",ספר מלכים א,"Wolfsohn-Halle, Aron - וולפסון, אהרון","Translator,Commentator",,,,,,,,
producer457,"Wolfsohn-Halle, Aron - וולפסון, אהרון",ספר מלכים ב,"Wolfsohn-Halle, Aron - וולפסון, אהרון","Translator,Commentator",,,,,,,,
producer458,"Obernick, Meir - אוברניק, מאיר",ספר מנחה חדשה א,"Obernick, Meir - אוברניק, מאיר","Translator,Commentator",,,,,,,,
producer459,"Obernick, Meir - אוברניק, מאיר",ספר מנחה חדשה ב,"Obernick, Meir - אוברניק, מאיר","Translator,Commentator",,,,,,,,
producer460,"Detmold, Samuel - דטמולד, שמואל",ספר מנחה חדשה ב,"Detmold, Samuel - דטמולד, שמואל","Translator,Commentator",,,,,,,,
producer461,"Obernick, Meir - אוברניק, מאיר",ספר מנחה חדשה ד,"Obernick, Meir - אוברניק, מאיר","Translator,Commentator",,,,,,,,
producer462,"Obernick, Meir - אוברניק, מאיר",ספר מנחה חדשה ה,"Obernick, Meir - אוברניק, מאיר","Translator,Commentator",,,,,,,,
producer463,"Detmold, Samuel - דטמולד, שמואל",ספר מנחה חדשה ו,"Detmold, Samuel - דטמולד, שמואל","Translator,Commentator",,,,,,,,
producer466,"Wolfsohn-Halle, Aron - וולפסון, אהרון",ספר מנחה חדשה י,"Wolfsohn-Halle, Aron - וולפסון, אהרון","Translator,Commentator",,,,,,,,
producer464,"Detmold, Samuel - דטמולד, שמואל","ספר מנחה חדשה י""א","Detmold, Samuel - דטמולד, שמואל","Translator,Commentator",,,,,,,,
producer465,"Detmold, Samuel - דטמולד, שמואל","ספר מנחה חדשה י""ב","Detmold, Samuel - דטמולד, שמואל","Translator,Commentator",,,,,,,,
producer467,"Neumann, Israel Moses - נוימן, ישראל משה",ספר מנחה טהורה,"Neumann, Israel Moses - נוימן, ישראל משה",Translator,,,,,,,,
producer468,"Löwe, Joel - ברי""ל, יואל",ספר מנחה טהורה,"Löwe, Joel - ברי""ל, יואל",Translator,,,,,,,,
producer469,"Wolf, Joseph - וולף, יוסף",ספר מנחה טהורה,"Wolf, Joseph - וולף, יוסף",Translator,,,,,,,,
producer470,"Salomon, Gotthold - סלומון, גוטהולד",ספר מנחה טהורה,"Salomon, Gotthold - סלומון, גוטהולד",Translator,,,,,,,,
producer471,"Philippson, Moses - פיליפסון, משה",ספר מנחה טהורה,"Philippson, Moses - פיליפסון, משה",,,,,,,,,
producer472,"Cöslin, Chajim - קסלין, חיים",ספר מסלול,"Cöslin, Chajim - קסלין, חיים",Author,,,,,,,,
producer473,"Neumann, Moses Samuel - נוימן, משה שמואל",ספר מעגל ישר,"Neumann, Moses Samuel - נוימן, משה שמואל",Author,,,,,,,,
producer474,"Worms, Ascher Anschel - וורמס, אנשיל",ספר מעדני מלך,"Worms, Ascher Anschel - וורמס, אנשיל",,,,,,,,,
producer475,"אברהם בן מודל, מאטינגן",ספר מערכת אברהם,"אברהם בן מודל, מאטינגן",,,,,,,,,
producer476,גדליה בן משה,ספר מעשי יהוה א,גדליה בן משה,,,,,,,,,
producer477,גדליה בן משה,ספר מעשי יהוה ב,גדליה בן משה,"Author,Translator",,,,,,,,
producer478,"Berlin, Saul - ברלין, שאול",ספר מצפה יקתאל,"Berlin, Saul - ברלין, שאול",Author,,,,,,,,
producer479,"Friedländer, David - פרידלענדר, דוד",ספר מצפה יקתאל,"Friedländer, David - פרידלענדר, דוד",Mevi La'Dfus (Producer),,,,,,,,
producer480,"Itzig, Isaac Daniel - איציג, יצחק דניאל",ספר מצפה יקתאל,"Itzig, Isaac Daniel - איציג, יצחק דניאל",Mevi La'Dfus (Producer),,,,,,,,
producer481,"Schulman, Naftali Hirtz - שולמן, נפתלי הרץ",ספר מקוה ישראל,"Schulman, Naftali Hirtz - שולמן, נפתלי הרץ",Mevi La'Dfus (Producer),,,,,,,,
producer482,"Waltsch, Shimeon - ולטש, שמעון",ספר נאוה קדש,"Waltsch, Shimeon - ולטש, שמעון",Commentator,,,,,,,,
producer483,"Samocz, Israel - זמושץ, ישראל",ספר נזד הדמע,"Samocz, Israel - זמושץ, ישראל",Author,,,,,,,,
producer484,"Mendelssohn, Moses - מנדלסון, משה",ספר נתיבות השלום א,"Mendelssohn, Moses - מנדלסון, משה","Translator,Commentator",,,,,,,,
producer485,"Dubno, Salomon - דובנא, שלמה",ספר נתיבות השלום א,"Dubno, Salomon - דובנא, שלמה",Commentator,,,,,,,,
producer486,"Mendelssohn, Moses - מנדלסון, משה",ספר נתיבות השלום ב,"Mendelssohn, Moses - מנדלסון, משה","Translator,Commentator",,,,,,,,
producer487,"Dubno, Salomon - דובנא, שלמה",ספר נתיבות השלום ב,"Dubno, Salomon - דובנא, שלמה",Commentator,,,,,,,,
producer488,"Mendelssohn, Moses - מנדלסון, משה",ספר נתיבות השלום ג,"Mendelssohn, Moses - מנדלסון, משה",Translator,,,,,,,,
producer489,"Wessely, Hartwig - וייזל, נפתלי הרץ",ספר נתיבות השלום ג,"Wessely, Hartwig - וייזל, נפתלי הרץ",Commentator,,,,,,,,
producer490,"Mendelssohn, Moses - מנדלסון, משה",ספר נתיבות השלום ד,"Mendelssohn, Moses - מנדלסון, משה",Translator,,,,,,,,
producer491,"Jaroslaw, Aron - ירוסלב, אהרן",ספר נתיבות השלום ד,"Jaroslaw, Aron - ירוסלב, אהרן",Commentator,,,,,,,,
producer492,"Mendelssohn, Moses - מנדלסון, משה",ספר נתיבות השלום ה,"Mendelssohn, Moses - מנדלסון, משה",Translator,,,,,,,,
producer493,"Homberg, Herz - הרץ, הומברג",ספר נתיבות השלום ה,"Homberg, Herz - הרץ, הומברג",Commentator,,,,,,,,
producer494,"Schwabacher, Heimann - שובכר, חיים צבי",ספר עוללות הבוחן,"Schwabacher, Heimann - שובכר, חיים צבי",Translator,,,,,,,,
producer495,"Ottensosser, David - אוטנזוסר, דוד",ספר עוללות הבוחן,"Ottensosser, David - אוטנזוסר, דוד",Commentator,,,,,,,,
producer496,אנונימי,ספר עין דור,אנונימי,Author,,,,,,,,
producer497,"שטראשון, שלמה",ספר עין דור,"שטראשון, שלמה",,,,,,,,,
producer498,"Oppenheim, Simon ben David - אופנהים, שמעון בן דוד",ספר עמוד השחר,"Oppenheim, Simon ben David - אופנהים, שמעון בן דוד",Author,,,,,,,,
producer499,"Horowitz, Jehuda - הורוויץ, יהודה",ספר עמודי בית יהודה,"Horowitz, Jehuda - הורוויץ, יהודה",Author,,,,,,,,
producer500,"Baruch Schick of Shklov - שיק, ברוך משקלוב",ספר עמודי השמים,"Baruch Schick of Shklov - שיק, ברוך משקלוב",Author,,,,,,,,
producer501,"Chorin, Aaron - אהרן בן קלמן",ספר עמק השוה,"Chorin, Aaron - אהרן בן קלמן",Author,,,,,,,,
producer502,"מרגליות, יהודה ליב בן אשר זליג",ספר עצי עדן,"מרגליות, יהודה ליב בן אשר זליג",Author,,,,,,,,
producer503,"מנשה בן יוסף,מאיליא",ספר פשר דבר,"מנשה בן יוסף,מאיליא",Author,,,,,,,,
producer504,"Hanau, Salomon - הנאו, שלמה זלמן",ספר צוהר התיבה,"Hanau, Salomon - הנאו, שלמה זלמן",Author,,,,,,,,
producer505,"Buchner, Zeev Wolf - בוכנר, זאב וולף",ספר צחות המליצה,"Buchner, Zeev Wolf - בוכנר, זאב וולף",Author,,,,,,,,
producer506,"Horowitz, Jehuda - הורוויץ, יהודה",ספר צל המעלות,"Horowitz, Jehuda - הורוויץ, יהודה",Author,,,,,,,,
producer507,"Samocz, Israel - זמושץ, ישראל",ספר רוח חן,"Samocz, Israel - זמושץ, ישראל",Commentator,,,,,,,,
producer508,אנונימי,ספר רוח חן,אנונימי,Mevi La'Dfus (Producer),,,,,,,,
producer509,,ספר רוח חן,,,,,,,,,,
producer510,"Marcuse, Moses - מרקוזי, משה",ספר רפואות הנקרא עזר ישראל,"Marcuse, Moses - מרקוזי, משה",Translator,,,,,,,,
producer511,"Levin, Menachem Mendel - לפין, מנחם מנדל",ספר רפואת העם,"Levin, Menachem Mendel - לפין, מנחם מנדל",Translator,,,,,,,,
producer512,"Berlin Saul - ברלין, שאול",ספר שאלות ותשובות בשמים ראש,"Berlin Saul - ברלין, שאול",Author,,,,,,,,
producer513,"הכים, אליהו בן חיים",ספר שבילי דרקיע,"הכים, אליהו בן חיים",Author,,,,,,,,
producer514,"Soldin, Jakob - זולדין, אליקים איסרל",ספר שומר אמונים,"Soldin, Jakob - זולדין, אליקים איסרל",Author,,,,,,,,
producer515,"Hanau, Salomon - הנאו, שלמה זלמן",ספר שערי זמרה,"Hanau, Salomon - הנאו, שלמה זלמן",Author,,,,,,,,
producer516,הענלי בן שמעון אולמא,ספר שערי זמרה,הענלי בן שמעון אולמא,Mevi La'Dfus (Producer),,,,,,,,
producer517,"חלם, שלמה בן משה",ספר שערי נעימה,"חלם, שלמה בן משה",Author,,,,,,,,
producer518,"Dubno, Salomon - דובנא, שלמה",ספר שערי נעימה,"Dubno, Salomon - דובנא, שלמה",Mevi La'Dfus (Producer),,,,,,,,
producer519,"הכים, משה בן חיים",ספר שפה ברורה,"הכים, משה בן חיים",,,,,,,,,
producer520,שלמה אלימלך ואברהם,ספר שפה ברורה,שלמה אלימלך ואברהם,,,,,,,,,
producer521,"Satanow, Isaak - סטנוב, יצחק",ספר שפתי רננות,"Satanow, Isaak - סטנוב, יצחק",Author,,,,,,,,
producer522,"Satanow, Isaak - סטנוב, יצחק",ספר תהלים,"Satanow, Isaak - סטנוב, יצחק",Editor,,,,,,,,
producer523,"Levison, George (Mordechai Gumpel Schnaber) - שנאבר-לויזון, גומפל מרדכי",ספר תוכחת מגילה,"Levison, George (Mordechai Gumpel Schnaber) - שנאבר-לויזון, גומפל מרדכי",Author,,,,,,,,
producer524,"Asch, Abraham - אש, אברהם",ספר תורה כולה,"Asch, Abraham - אש, אברהם",Author,,,,,,,,
producer525,"Levi, Hannover Raphael - לוי, רפאל מהנובר",ספר תכונת השמים,"Levi, Hannover Raphael - לוי, רפאל מהנובר","Author,Commentator",,,,,,,,
producer526,"Jekutiel, Moses - יקותיאל, משה",ספר תכונת השמים,"Jekutiel, Moses - יקותיאל, משה",Mevi La'Dfus (Producer),,,,,,,,
producer527,"Baruch Schick of Shklov - שיק, ברוך משקלוב",ספר תפארת אדם,"Baruch Schick of Shklov - שיק, ברוך משקלוב",Author,,,,,,,,
producer528,"Bing, Beer Abraham - בינג, אברהם בר",עובד ותרצה או ספרות מני קדם,"Bing, Beer Abraham - בינג, אברהם בר",Author,,,,,,,,
producer529,"Hart, Jacob - אליקים בן אברהם",עין משפט,"Hart, Jacob - אליקים בן אברהם",Author,,,,,,,,
producer530,"ננסיך, אברהם בן שלמה",עלה תרופה,"ננסיך, אברהם בן שלמה",,,,,,,,,
producer531,"Romanelli, Samuel - רומנלי, שמואל",עלות המנחה,"Romanelli, Samuel - רומנלי, שמואל",Author,,,,,,,,
producer532,"Dubno, Salomon - דובנא, שלמה",עלים לתרופה,"Dubno, Salomon - דובנא, שלמה",Author,,,,,,,,
producer533,"Mendelssohn, Moses - מנדלסון, משה",עלים לתרופה,"Mendelssohn, Moses - מנדלסון, משה",Translator,,,,,,,,
producer534,"Löwe, Joel - ברי""ל, יואל",עמודי הלשון,"Löwe, Joel - ברי""ל, יואל",Author,,,,,,,,
producer535,"Jeitteles, Baruch (Benedict) - ייטלש, ברוך",עמק הבכא,"Jeitteles, Baruch (Benedict) - ייטלש, ברוך",Author,,,,,,,,
producer536,"Jeitteles, Juda - ייטלש, יהודה",עמק הבכא,"Jeitteles, Juda - ייטלש, יהודה",,,,,,,,,
producer537,"Berlin Saul - ברלין, שאול",ערוגת הבושם,"Berlin Saul - ברלין, שאול",Author,,,,,,,,
producer538,"Hart, Jacob - אליקים בן אברהם",עשרה מאמרות א,"Hart, Jacob - אליקים בן אברהם",,,,,,,,,
producer539,"Hart, Jacob - אליקים בן אברהם",עשרה מאמרות ב,"Hart, Jacob - אליקים בן אברהם",,,,,,,,,
producer540,"Hart, Jacob - אליקים בן אברהם",עשרה מאמרות ג,"Hart, Jacob - אליקים בן אברהם",,,,,,,,,
producer541,"Hart, Jacob - אליקים בן אברהם",עשרה מאמרות ה,"Hart, Jacob - אליקים בן אברהם",Author,,,,,,,,
producer542,"Worms, Ascher Anschel - וורמס, אנשיל",פירוש על חד גדיא,"Worms, Ascher Anschel - וורמס, אנשיל",Author,,,,,,,,
producer543,"מרגליות, יהודה ליב בן אשר זליג",פירוש על שיר השירים,"מרגליות, יהודה ליב בן אשר זליג","Commentator,Mevi La'Dfus (Producer)",,,,,,,,
producer544,"Satanow, Isaak - סטנוב, יצחק",פנקס וכתב הדת,"Satanow, Isaak - סטנוב, יצחק",Author,,,,,,,,
producer545,"Mendelssohn, Moses - מנדלסון, משה",פעדאן,"Mendelssohn, Moses - מנדלסון, משה",Author,,,,,,,,
producer546,"Beer-Bing, Jesaia - בער, ישי",פעדאן,"Beer-Bing, Jesaia - בער, ישי",Translator,,,,,,,,
producer547,"יאנוב, שבתי בן דוד יאנוב, שבתי בן דוד",פעדאן,"יאנוב, שבתי בן דוד יאנוב, שבתי בן דוד",,,,,,,,,
producer548,"Fürth, Meyer Elkan - פירדא, אלחנן מאיר בן אברהם",פרפראות לחכמה,"Fürth, Meyer Elkan - פירדא, אלחנן מאיר בן אברהם","Author,Mevi La'Dfus (Producer)",,,,,,,,
producer549,"Friedländer, David - פרידלענדר, דוד",פרקי אבות,"Friedländer, David - פרידלענדר, דוד",Translator,,,,,,,,
producer550,"Euchel, Isaac Abraham - אייכל, יצחק",פרקי אבות,"Euchel, Isaac Abraham - אייכל, יצחק",Translator,,,,,,,,
producer551,"Cohen, Benjamin Moses - כהן, בנימין משה",פרקי רבי אליה,"Cohen, Benjamin Moses - כהן, בנימין משה",Mevi La'Dfus (Producer),,,,,,,,
producer552,"Poper, M. - פופר, מרדכי",פרקי רבי עקיבא,"Poper, M. - פופר, מרדכי",Author,,,,,,,,
producer553,"Jaroslaw, Aron - ירוסלב, אהרן",צחות בדקדוק,"Jaroslaw, Aron - ירוסלב, אהרן",Mevi La'Dfus (Producer),,,,,,,,
producer554,"ארענסוואלד, ראובן",צחות בדקדוק,"ארענסוואלד, ראובן",Mevi La'Dfus (Producer),,,,,,,,
producer555,"חיט, משה אברהם בן ראובן",צייט געשיכטע,"חיט, משה אברהם בן ראובן",,,,,,,,,
producer556,"Meldola, Abraham - מילדולה, אברהם",קול הצירים תחת השיר,"Meldola, Abraham - מילדולה, אברהם",Author,,,,,,,,
producer558,אנונימי,קול מבשר,אנונימי,Author,,,,,,,,
producer557,"Friedrichsfeld, David - פרידריכספלד, דוד",קול מבשר משמיע שלום,"Friedrichsfeld, David - פרידריכספלד, דוד",Author,,,,,,,,
producer559,"Wessely, Hartwig - וייזל, נפתלי הרץ",קול נהי,"Wessely, Hartwig - וייזל, נפתלי הרץ",Author,,,,,,,,
producer560,אנונימי,קול קורא לאחינו בני ישראל,אנונימי,,,,,,,,,
producer562,"Ben Seew, Juda Löb - בן-זאב, יהודה ליב",קול רנה,"Ben Seew, Juda Löb - בן-זאב, יהודה ליב",Author,,,,,,,,
producer565,"Ben Seew, Juda Löb - בן-זאב, יהודה ליב",קול רנה,"Ben Seew, Juda Löb - בן-זאב, יהודה ליב",Author,,,,,,,,
producer561,"Kalker, Simon Isaac - קלקר, שמעון",קול רנה ותודה,"Kalker, Simon Isaac - קלקר, שמעון",Author,,,,,,,,
producer563,"Wessely, Hartwig - וייזל, נפתלי הרץ",קול רנת היהודים אשר בעיר שקלאב,"Wessely, Hartwig - וייזל, נפתלי הרץ",Author,,,,,,,,
producer564,"Mendelssohn, Moses - מנדלסון, משה",קול רנת היהודים אשר בעיר שקלאב,"Mendelssohn, Moses - מנדלסון, משה",Translator,,,,,,,,
producer566,"נבחוביץ, יהודה ליב",קול שועת בת יהודה,"נבחוביץ, יהודה ליב",,,,,,,,,
producer567,"Satanow, Isaak - סטנוב, יצחק",קול שחל,"Satanow, Isaak - סטנוב, יצחק","Author,Mevi La'Dfus (Producer)",,,,,,,,
producer568,"Luzzatto, Ephraim - לוצטו, אפרים",קול שחל,"Luzzatto, Ephraim - לוצטו, אפרים",Author,,,,,,,,
producer569,"Dubno, Salomon - דובנא, שלמה",קול שמחה,"Dubno, Salomon - דובנא, שלמה",Author,,,,,,,,
producer570,"Buchner, Zeev Wolf - בוכנר, זאב וולף","קול שמחה, או, נצוח החכמה","Buchner, Zeev Wolf - בוכנר, זאב וולף",Author,,,,,,,,
producer571,"Satanow, Isaak - סטנוב, יצחק",קונטרס מספר הזהר חיבורא תניינא,"Satanow, Isaak - סטנוב, יצחק",Commentator,,,,,,,,
producer572,"Hanau, Salomon - הנאו, שלמה זלמן",קונטרס קורי עכביש,"Hanau, Salomon - הנאו, שלמה זלמן",Author,,,,,,,,
producer573,"חיט, משה אברהם בן ראובן",קורות העתים א,"חיט, משה אברהם בן ראובן",Author,,,,,,,,
producer574,"Fischer, Markus - פישר, מאיר",קורות שנות קדם א,"Fischer, Markus - פישר, מאיר",Author,,,,,,,,
producer575,"Fischer, Markus - פישר, מאיר",קורות שנות קדם ב,"Fischer, Markus - פישר, מאיר",Author,,,,,,,,
producer576,"Baruch Schick of Shklov - שיק, ברוך משקלוב",קנה המדה,"Baruch Schick of Shklov - שיק, ברוך משקלוב",Translator,,,,,,,,
producer577,"מענץ, אברהם יוסף בן שמעון וואלף",ראשית למודים - 1775,"מענץ, אברהם יוסף בן שמעון וואלף",Author,,,,,,,,
producer578,"Lindau, Baruch ben Jehuda Löb - לינדא, ברוך",ראשית למודים א,"Lindau, Baruch ben Jehuda Löb - לינדא, ברוך","Author,Translator",,,,,,,,
producer579,"Lindau, Baruch ben Jehuda Löb - לינדא, ברוך",ראשית למודים ב,"Lindau, Baruch ben Jehuda Löb - לינדא, ברוך",Author,,,,,,,,
producer580,"Wolf, Joseph - וולף, יוסף",ראשית למודים ב,"Wolf, Joseph - וולף, יוסף",Editor,,,,,,,,
producer581,"Philippson, Moses - פיליפסון, משה",ראשית למודים ב,"Philippson, Moses - פיליפסון, משה",Mevi La'Dfus (Producer),,,,,,,,
producer582,"Cohen, Chanania Elchanan Chaj - כהן, חנניה אלחנן חי",ראשית לקח,"Cohen, Chanania Elchanan Chaj - כהן, חנניה אלחנן חי",Author,,,,,,,,
producer583,"Somerhausen, Hirsch (Hartog) - זומרהאוזן, הירש",רודף מישרים,"Somerhausen, Hirsch (Hartog) - זומרהאוזן, הירש",Author,,,,,,,,
producer584,"Romanelli, Samuel - רומנלי, שמואל",רוח נכון,"Romanelli, Samuel - רומנלי, שמואל",Author,,,,,,,,
producer585,Gesellschaft des Guten und Edlen - חברת שוחרי הטוב והתושיה,רנת דודים,Gesellschaft des Guten und Edlen - חברת שוחרי הטוב והתושיה,Author,,,,,,,,
producer586,"Riess, Nathan - ריז, נתן",רסיסי לילה,"Riess, Nathan - ריז, נתן",Author,,,,,,,,
producer587,"Hirsch, Isaac - הירש, איצק ליב",שבע פרקים הראשונים של ספר מלות ההגיון,"Hirsch, Isaac - הירש, איצק ליב",Translator,,,,,,,,
producer588,"Mendelssohn, Moses - מנדלסון, משה",שבע פרקים הראשונים של ספר מלות ההגיון,"Mendelssohn, Moses - מנדלסון, משה",Commentator,,,,,,,,
producer589,"Horowitz, Jehuda - הורוויץ, יהודה",שדה תבונה,"Horowitz, Jehuda - הורוויץ, יהודה",Author,,,,,,,,
producer590,"כהן, ירחמיאל פלק בן נתן",שורש דבר,"כהן, ירחמיאל פלק בן נתן",Author,,,,,,,,
producer591,"Jeitteles, Baruch (Benedict) - ייטלש, ברוך","שיחה בין שנת תק""ס ובין שנת תקס""א","Jeitteles, Baruch (Benedict) - ייטלש, ברוך",Author,,,,,,,,
producer592,"Löwysohn, Salomon - לוויזון, שלמה",שיחה בעולם הנשמות,"Löwysohn, Salomon - לוויזון, שלמה",Author,,,,,,,,
producer593,"Wessely, Hartwig - וייזל, נפתלי הרץ",שיר - תקכז,"Wessely, Hartwig - וייזל, נפתלי הרץ",,,,,,,,,
producer594,"Glogau, Hirsch Moses - גלוגוי, צבי הירש בן משה",שיר - תקעא,"Glogau, Hirsch Moses - גלוגוי, צבי הירש בן משה",Author,,,,,,,,
producer595,"אמרספורט, בנימין",שיר אשר נמסר למלכנו,"אמרספורט, בנימין",Author,,,,,,,,
producer596,"Lemans, Moses - למנס, משה",שיר אשר נמסר למלכנו,"Lemans, Moses - למנס, משה",Translator,,,,,,,,
producer597,אנונימי,שיר ורנן,אנונימי,,,,,,,,,
producer598,אנונימי,שיר ותודה,אנונימי,Author,,,,,,,,
producer599,אנונימי,שיר ותפלה,אנונימי,,,,,,,,,
producer600,Gesellschaft des Guten und Edlen - חברת שוחרי הטוב והתושיה,שיר ידידות - תקנ,Gesellschaft des Guten und Edlen - חברת שוחרי הטוב והתושיה,,,,,,,,,
producer601,"Satanow, Isaak - סטנוב, יצחק",שיר ידידות - תקנט,"Satanow, Isaak - סטנוב, יצחק",Author,,,,,,,,
producer602,"Buchner, Zeev Wolf - בוכנר, זאב וולף",שיר ידידות - תקע,"Buchner, Zeev Wolf - בוכנר, זאב וולף",Author,,,,,,,,
producer604,Gesellschaft des Guten und Edlen - חברת שוחרי הטוב והתושיה,שיר כלולות - תקמח,Gesellschaft des Guten und Edlen - חברת שוחרי הטוב והתושיה,Mevi La'Dfus (Producer),,,,,,,,
producer605,"Ben Seew, Juda Löb - בן-זאב, יהודה ליב",שיר כלולות - תקע,"Ben Seew, Juda Löb - בן-זאב, יהודה ליב",Author,,,,,,,,
producer606,"Wessely, Hartwig - וייזל, נפתלי הרץ",שיר מזמור,"Wessely, Hartwig - וייזל, נפתלי הרץ",Mevi La'Dfus (Producer),,,,,,,,
producer607,"לוונשטאם, שאול בן אריה ליב",שיר מזמור,"לוונשטאם, שאול בן אריה ליב",,,,,,,,,
producer608,אנונימי,שיר רנן ושמחה,אנונימי,Author,,,,,,,,
producer609,"Leo, Hartog - לאו, הרטוג",שיר שלום,"Leo, Hartog - לאו, הרטוג",,,,,,,,,
producer610,אנונימי,שיר תהלות,אנונימי,,,,,,,,,
producer613,"Aaron, Joseph Philipp - אהרן, יוסף",שיר תודה,"Aaron, Joseph Philipp - אהרן, יוסף",Author,,,,,,,,
producer611,אנונימי,שיר תודה ושמחה,אנונימי,Author,,,,,,,,
producer612,"Leo, Hartog - לאו, הרטוג",שיר תודה ותפלה,"Leo, Hartog - לאו, הרטוג",Author,,,,,,,,
producer614,"Buchner, Zeev Wolf - בוכנר, זאב וולף",שירי תהלה ב,"Buchner, Zeev Wolf - בוכנר, זאב וולף",Author,,,,,,,,
producer615,"Wessely, Hartwig - וייזל, נפתלי הרץ",שירי תהלות,"Wessely, Hartwig - וייזל, נפתלי הרץ",Author,,,,,,,,
producer616,אנונימי,שירי תהלות,אנונימי,Translator,,,,,,,,
producer617,"Wessely, Hartwig - וייזל, נפתלי הרץ",שירי תפארת א,"Wessely, Hartwig - וייזל, נפתלי הרץ",Author,,,,,,,,
producer618,"Wessely, Hartwig - וייזל, נפתלי הרץ",שירי תפארת ב,"Wessely, Hartwig - וייזל, נפתלי הרץ",Author,,,,,,,,
producer619,"Wessely, Hartwig - וייזל, נפתלי הרץ",שירי תפארת ג,"Wessely, Hartwig - וייזל, נפתלי הרץ",Author,,,,,,,,
producer620,"Wessely, Hartwig - וייזל, נפתלי הרץ",שירי תפארת ד,"Wessely, Hartwig - וייזל, נפתלי הרץ",Author,,,,,,,,
producer621,"מור (מוהר), יוסף שמעון",שירי תפארת ד,"מור (מוהר), יוסף שמעון",Mevi La'Dfus (Producer),,,,,,,,
producer622,"Wessely, Hartwig - וייזל, נפתלי הרץ",שירי תפארת ה,"Wessely, Hartwig - וייזל, נפתלי הרץ",Author,,,,,,,,
producer623,"Wessely, Hartwig - וייזל, נפתלי הרץ",שירים ורננות,"Wessely, Hartwig - וייזל, נפתלי הרץ",Author,,,,,,,,
producer624,"Löwenstamm, Jaacov Moses - לוונשטם, יעקב משה",שירים ותשבחות - תקסז,"Löwenstamm, Jaacov Moses - לוונשטם, יעקב משה",Author,,,,,,,,
producer625,Ephraim Lion Davids - אפרים בן ליב,שירים ותשבחות - תקסז,Ephraim Lion Davids - אפרים בן ליב,Translator,,,,,,,,
producer627,"Löwenstamm, Jaacov Moses - לוונשטם, יעקב משה",שירים ותשבחות - תקסז,"Löwenstamm, Jaacov Moses - לוונשטם, יעקב משה",Author,,,,,,,,
producer626,"Löwenstamm, Jaacov Moses - לוונשטם, יעקב משה",שירים ותשבחות - תקעא,"Löwenstamm, Jaacov Moses - לוונשטם, יעקב משה",Author,,,,,,,,
producer629,"Satanow, Isaak - סטנוב, יצחק",שירת דודים,"Satanow, Isaak - סטנוב, יצחק",Author,,,,,,,,
producer630,"Mendelssohn, Moses - מנדלסון, משה",שלמות וצורת הנפש או קשר הנפש עם הגוף,"Mendelssohn, Moses - מנדלסון, משה",Author,,,,,,,,
producer631,"Fürth, Meyer Elkan - פירדא, אלחנן מאיר בן אברהם",שלמות וצורת הנפש או קשר הנפש עם הגוף,"Fürth, Meyer Elkan - פירדא, אלחנן מאיר בן אברהם",Author,,,,,,,,
producer632,"Friedländer, David - פרידלענדר, דוד",שלמות וצורת הנפש או קשר הנפש עם הגוף,"Friedländer, David - פרידלענדר, דוד",Translator,,,,,,,,
producer633,"Euchel, Isaac Abraham - אייכל, יצחק",שפת אמת,"Euchel, Isaac Abraham - אייכל, יצחק",Author,,,,,,,,
producer634,"Bock, Moses Hirsch - בוק, משה (בן) צבי",שפת עבר,"Bock, Moses Hirsch - בוק, משה (בן) צבי",Author,,,,,,,,
producer635,"Löwe, Joel - ברי""ל, יואל",שרייבן אן דיא ווירדיגן מיטגלידר זעמטליכ'ר ... חברות גמילות חסדים,"Löwe, Joel - ברי""ל, יואל",Author,,,,,,,,
producer636,"Friedländer, Sanwil - פרידלנדר, זנוויל שמואל",תבנית חברת שוחרי הטוב והתושיה,"Friedländer, Sanwil - פרידלנדר, זנוויל שמואל",Author,,,,,,,,
producer637,"Euchel, Isaac Abraham - אייכל, יצחק",תבנית חברת שוחרי הטוב והתושיה,"Euchel, Isaac Abraham - אייכל, יצחק",Author,,,,,,,,
producer638,"Lindau, Baruch ben Jehuda Löb - לינדא, ברוך",תבנית חברת שוחרי הטוב והתושיה,"Lindau, Baruch ben Jehuda Löb - לינדא, ברוך",Author,,,,,,,,
producer639,"Löwe, Joel - ברי""ל, יואל",תבנית חברת שוחרי הטוב והתושיה,"Löwe, Joel - ברי""ל, יואל",Author,,,,,,,,
producer640,"Breslauer, Mendel - ברסלאו, מנדל",תבנית חברת שוחרי הטוב והתושיה,"Breslauer, Mendel - ברסלאו, מנדל",Author,,,,,,,,
producer641,אנונימי,תהלה - 1807,אנונימי,,,,,,,,,
producer642,אנונימי,תהלה אל שיא המלוכה,אנונימי,,,,,,,,,
producer643,"Wessely, Hartwig - וייזל, נפתלי הרץ",תהלה ותודה,"Wessely, Hartwig - וייזל, נפתלי הרץ",Author,,,,,,,,
producer644,"Mendelssohn, Moses - מנדלסון, משה",תהלה ותודה,"Mendelssohn, Moses - מנדלסון, משה",Translator,,,,,,,,
producer645,"Heinemann, Jermias - היינמן, ירמיה",תודת אמונת בית ישראל,"Heinemann, Jermias - היינמן, ירמיה",Author,,,,,,,,
producer646,"Wolf, Joseph - וולף, יוסף",תוכחת מגולה,"Wolf, Joseph - וולף, יוסף","Author,Translator",,,,,,,,
producer647,"Schottländer, Benedikt - שוטלנדר, בנדיקט",תולדות נח אדער געשיכטע דער זינדפלוט,"Schottländer, Benedikt - שוטלנדר, בנדיקט",Author,,,,,,,,
producer648,"Euchel, Isaac Abraham - אייכל, יצחק",תולדות רבנו החכם משה בן מנחם,"Euchel, Isaac Abraham - אייכל, יצחק",Author,,,,,,,,
producer649,"Cohen, Salomon Jacob - כהן, שלום",תורת לשון עברית א,"Cohen, Salomon Jacob - כהן, שלום",Author,,,,,,,,
producer650,"Philippson, Moses - פיליפסון, משה",תורת לשון עברית א,"Philippson, Moses - פיליפסון, משה",Don't know,,,,,,,,
producer651,"Cohen, Salomon Jacob - כהן, שלום",תורת לשון עברית ב,"Cohen, Salomon Jacob - כהן, שלום",Author,,,,,,,,
producer652,"Philippson, Moses - פיליפסון, משה",תורת לשון עברית ב,"Philippson, Moses - פיליפסון, משה",Don't know,,,,,,,,
producer653,"Cohen, Salomon Jacob - כהן, שלום",תורת לשון עברית ג,"Cohen, Salomon Jacob - כהן, שלום",Author,,,,,,,,
producer654,"Philippson, Moses - פיליפסון, משה",תורת לשון עברית ג,"Philippson, Moses - פיליפסון, משה",Don't know,,,,,,,,
producer655,"Dubno, Salomon - דובנא, שלמה",תיקון סופרים,"Dubno, Salomon - דובנא, שלמה",Author,,,,,,,,
producer656,"Ben Seew, Juda Löb - בן-זאב, יהודה ליב",תלמוד לשון עברי,"Ben Seew, Juda Löb - בן-זאב, יהודה ליב",Author,,,,,,,,
producer657,אנונימי,תפלה - 1805,אנונימי,Author,,,,,,,,
producer658,"Aaron, Joseph Philipp - אהרן, יוסף",תפלה - 1806,"Aaron, Joseph Philipp - אהרן, יוסף",Author,,,,,,,,
producer659,אנונימי,תפלה - תקסח,אנונימי,Author,,,,,,,,
producer660,אנונימי,תפלה - תקסט,אנונימי,Author,,,,,,,,
producer51,אנונימי,תפלה בעד אדונינו המלך,אנונימי,Author,,,,,,,,
producer661,אנונימי,תפלה בעד שלום המלך,אנונימי,Author,,,,,,,,
producer662,"Satanow, Isaak - סטנוב, יצחק",תפלה מכל השנה - תקמה,"Satanow, Isaak - סטנוב, יצחק",Editor,,,,,,,,
producer663,"Berlin Saul - ברלין, שאול",תשובת הרב הגאון,"Berlin Saul - ברלין, שאול",Author,,,,,,,,
producer664,"Franco Mendes, David - פרנקו-מנדס, דוד",תשועת ישראל בידי יהודית,"Franco Mendes, David - פרנקו-מנדס, דוד",Translator,,,,,,,,
producer665,"Heidenheim, Wolf - הידנהים, וולף",תשועת ישראל בידי יהודית,"Heidenheim, Wolf - הידנהים, וולף",Mevi La'Dfus (Producer),,,,,,,,
producer666,"ענדל בר""י שטערן",בית הספר א,"ענדל בר""י שטערן",Translator,,,,,,,,
producer667,ליאון ר' ראמאניני,בית הספר א,ליאון ר' ראמאניני,Translator,,,,,,,,
producer668,עקב פאפירנא,בית הספר א,עקב פאפירנא,Translator,,,,,,,,
producer669,אליהו מורפורגו,דברי שלום ואמת א,אליהו מורפורגו,Translator,,,,,,,,
producer670,"Friedländer, David",דברי שלום ואמת א,"Friedländer, David",Translator,,,,,,,,
producer671,Salomon Marcus Schiller-Szinessy,משא בערב,Salomon Marcus Schiller-Szinessy,Translator,,,,,,,,
producer672,מנחם עמנואל וייזל,שירי תפארת א,מנחם עמנואל וייזל,Translator,,,,,,,,