Uniqe ID,Producer of book,Title,Role in book creation,Notes on roles in book's creation,Does the person's name appear in the book,Name as it appears in the book,Evidence for person's identity if it does not appear in the book,Approximate age during writing of book,Religion during writing of book,Location during writing of book,References for person and book
producer1,Abhandlung von der Freiheit des Menschen,"Alexander, Isaak - אלכסנדר, יצחק",Author,,,,,,,,
producer2,Actenstücke zur Geschichte der Erhebung der Juden zu Bürgern der Republik Batavien,Anonym,Translator,,,,,,,,
producer3,Akten-Stücke die Reform der Jüdischen Kolonieen in den Preußischen Staaten betreffend,"Friedländer, David - פרידלענדר, דוד","Author,Mevi La'Dfus (Producer)",,,,,,,,
producer4,An das Breslauer Publikum,אנונימי,Author,,,,,,,,
producer5,An die Herausgeber des hebräischen Sammlers über die frühe Beerdigung der Juden,"Herz, Marcus - הרץ, מרכוס",Author,,,,,,,,
producer6,Anfangsgründe der Newtonischen Philosophie,"Maimon, Salomon - מימון, שלמה",Author,,,,,,,,
producer7,Answer to Mr. Joshua Van Oven’s letters on the present state of the Jewish poor in London,"Alexander, Levy - אלכסנדר, לוי",Author,,,,,,,,
producer8,Apologie der Menschenrechte oder philosophisch kritische Beleuchtung der Schrift,"Hirschel, Moses - הירשל, משה",Author,,,,,,,,
producer9,Apologie des juifs en réponse à la question,"Hourwitz, Zalkind - הורביץ, זלקינד",Author,,,,,,,,
producer10,Appel à la justice des nations et des rois,"Berr, Michel - בר, מיכאל",Author,,,,,,,,
producer11,Aufsätze verschiedenen Inhalts,"Bendavid, Lazarus - בנדוד, לצרוס",,,,,,,,,
producer12,Balsam für die Wunde,"Wohl, Levi - וול, יהודה ליב בן צבי הירש",Translator,,,,,,,,
producer13,Beleuchtung der in den gegenwärtig bei dem Geheimen Ober-Tribunale schwebenden Fränkel-Marcuseschen Erbrechtsprozess einschlagenden jüdischen Rechte,"Hurwitz, Philipp Lazarus - הורוויץ, פיליפ לצרוס",Author,,,,,,,,
producer14,Bemerkungen über die bürgerliche Verbesserung der Juden,"Ascher, Saul - אשר, שאול",Author,,,,,,,,
producer15,Betrachtungen in Hinsicht der Jüdischen Nation,אנונימי,Author,,,,,,,,
producer16,"Beweis, dass heutzutage in den K. K. Staaten die Juden zu Kriegsdienst ebensowohl verpflichtet sind als die Christen","Bendavid, Lazarus - בנדוד, לצרוס",Author,,,,,,,,
producer17,Beyträge zur Kritik des Geschmacks,"Bendavid, Lazarus - בנדוד, לצרוס",Author,,,,,,,,
producer18,Bildnisse jetztlebender Berliner Gelehrten mit Ihren Selbstbiographieen,"Bendavid, Lazarus - בנדוד, לצרוס",Author,,,,,,,,
producer19,Bildnisse jetztlebender Berliner Gelehrten mit Ihren Selbstbiographieen,"Lowe, Johann Michael Siegfried",Mevi La'Dfus (Producer),,,,,,,,
producer20,Bne-Zion,"Homberg, Herz - הרץ, הומברג",Author,,,,,,,,
producer21,"Cantique adresse a Napoleon le Grand, empereur des Francois et roi d'Italie","Milliaud, Moïse - מיליו, משה",Author,,,,,,,,
producer22,Cantique des cantiques,"Venture, Mardochée - ונטורה, מרדכי",Translator,,,,,,,,
producer23,"Der Judenfreund. Oder auserlesene Anekdoten, Schwänke und Einfälle von den Kindern Israels","Ascher, Judas - אשר, יהודה",Author,,,,,,,,
producer24,Der Messias oder Reform der Juden in religiöser und moralischer Hinsicht,"Asch, Abraham - אש, אברהם",Author,,,,,,,,
producer25,Der Prediger,"Friedländer, David - פרידלענדר, דוד","Author,Translator",,,,,,,,
producer26,Der Pseudo-Haman oder Widerlegung der Schrift wider die Juden,Anonymous,Author,,,,,,,,
producer27,Der erste Mensch,"Euchel, Isaac Abraham - אייכל, יצחק",Author,,,,,,,,
producer28,Die Juden Oder Die nothwendige Reformation der Juden in der Republik Polen,"Ackord, Elias - אקורד, אליהו","Author,Translator",,,,,,,,
producer29,Die Kuhpockenimpfung,"Jeitteles, Baruch (Benedict) - ייטלש, ברוך",Author,,,,,,,,
producer30,Die Moseide in achtzehn Gesängen,"Wessely, Hartwig - וייזל, נפתלי הרץ",Author,,,,,,,,
producer31,Die Moseide in achtzehn Gesängen,Spalding - שפלדינג,Translator,,,,,,,,
producer32,Die Moseide in achtzehn Gesängen,Hufnagel - הופנגל,Translator,,,,,,,,
producer33,Die Moseide in achtzehn Gesängen,אנונימי,Translator,,,,,,,,
producer34,Die Psalmen,"Mendelssohn, Moses - מנדלסון, משה",Translator,,,,,,,,
producer35,"Discorso pronunziato nella grande sinagoga di Parigi, all'occasione dell'apertura del gran Sanhedrim","Cologna, Abraham de - קולוניא, אברהם חי די",Author,,,,,,,,
producer36,"Discorso pronunziato nella grande sinagoga di Parigi, all'occasione dell'apertura del gran Sanhedrim","Furtado, Abraham - פורטאדו, אברהם",Translator,,,,,,,,
producer37,"Discours du Sr. Isaac Berr, Fabricant de tabac, Membre du Conseil municipal de Nancy, Département de la Meurthe, Député à l’Assemblée des Français professant la religion juive, convoquée par décret impérial du 30 mai dernier","Berr, Isaac Berr - בר, יצחק בר",Author,,,,,,,,
producer38,"Discours prononcé dans la Synagogue de Cassel, le 15 Novembre 1810, anniversaire de la naissance de S. M. le Roi de Westphalie","Jacobson, Israel - יאקאבזאהן, איזראעל",Author,,,,,,,,
producer39,Discours prononcé par M.r Israel Jacobson ... lors de la dédicace du Temple de Jacob à Seesen,"Jacobson, Israel - יאקאבזאהן, איזראעל",Author,,,,,,,,
producer40,Ein Psalm an Bonaparte,"Büschenthal, Lippmann Moses - בישנטל, ליפמן משה",Author,,,,,,,,
producer41,Ein Psalm an Bonaparte,"Moses von Gottfried Jakob Schaller - שלר, משה גוטפריד יעקב",Translator,,,,,,,,
producer42,"Ein Wort zu seiner Zeit, die neuern Ansichten des Pentateuchs betreffend","Neumann, Israel Moses - נוימן, ישראל משה",Author,,,,,,,,
producer43,Einheitsgedichte,"Alexander, Isaak - אלכסנדר, יצחק",Author,,,,,,,,
producer44,"Einige jüdische Familienscenen, bey Erblickung des Patents über die Freyheiten, welche die Juden in den kaiserlichen Staaten erhalten haben","Arnstein, Benedict David - ארנשטיין, בנדיקט דוד",Author,,,,,,,,
producer45,Elementarunterricht in der Religion aus der Natur und der heiligen Geschichte,"Lax, Salomon - לקס, שלמה",Author,,,,,,,,
producer46,Entwurf einer Geschichte der Armen und Armenanstalten,"Friedländer, Michael - פרידענדר, מיכאל",Author,,,,,,,,
producer47,Etwas zum Schutz des angegriffenen Gebrauchs der ebräischen Sprache bei den Gebeten der Juden in den Königlich Preußischen Staaten,"Dohm, Lewin Benjamin - דוהם, לוין בנימין",Author,,,,,,,,
producer48,Etwas zur Charackteristick der Juden,"Bendavid, Lazarus - בנדוד, לצרוס",Author,,,,,,,,
producer49,Freudenruf bey der gluecklichen Ankunft unseres ... Koenigs Friedrich Wilhelm II,אנונימי,,,,,,,,,
producer50,"Freudiges Loblied unserm allergnädigsten König Christian dem Siebenten und dessen Thronerben gewidmet, oder, Ode auf die frohe Gegenwart","Levi, Joseph Jasmann ben Joel - לוי, יוסף יוסמן בן יואל",Author,,,,,,,,
producer51,תפלה בעד אדונינו המלך,אנונימי,Author,,,,,,,,
producer52,Gebete der hochdeutschen und polnischen Juden,"Euchel, Isaac Abraham - אייכל, יצחק","Mevi La'Dfus (Producer),Commentator,Translator",,,,,,,,
producer53,Gesammelte Actenstücke und öffentliche Verhandlungen über die Verbesserung der Juden in Frankreich 1,"Bran, Alexander",Mevi La'Dfus (Producer),,,,,,,,
producer54,Geschichte der Juden von ihrer Rückkehr aus der babylonischen Gefangenschaft bis zur Zerstörung des zweyten Tempels,"Beer, Peter - בער, פרץ",Author,,,,,,,,
producer55,Gottes Ehre und unser Nutzen oder Glückseligkeit im Glauben,"Fürth, Meyer Elkan - פירדא, אלחנן מאיר בן אברהם","Author,Mevi La'Dfus (Producer)",,,,,,,,
producer56,"Grammatica ragionata italiana ed ebraica con trattato, ed esempj di poesia","Romanelli, Samuel - רומנלי, שמואל",Author,,,,,,,,
producer57,Gründlicher Unterricht in der Jüdischdeutschen Schreibart,"Levi, Moses","Author,Mevi La'Dfus (Producer)",,,,,,,,
producer58,Gründlicher Unterricht in der Jüdischdeutschen Schreibart,"Matthieu, Levi",Mevi La'Dfus (Producer),,,,,,,,
producer59,Herrn I. A. Euchel und A. F. Wolff bey Ihrer Abreise gewidmet von einigen Freunden,אנונימי,Author,,,,,,,,
producer60,Hinterlassene Gedichte 1,"Kuh, Ephraim Moses - קוה, אפרים",Author,,,,,,,,
producer61,Hinterlassene Gedichte 1,"Hirschel, Moses - הירשל, משה","Author,Mevi La'Dfus (Producer)",,,,,,,,
producer62,Hinterlassene Gedichte 1,"Kausch, Johann Joseph",Mevi La'Dfus (Producer),,,,,,,,
producer63,"Histoire de l'établissement des juifs à Bordeaux et à Bayonne, depuis 1550","Francia de Beaufleury, Louis",Author,,,,,,,,
producer64,Israelitischer Kinderfreund Oder Handbuch der gemeinnützigsten wissenschaftlichen Kenntnisse,"Bock, Moses Hirsch - בוק, משה (בן) צבי",Author,,,,,,,,
producer65,Israelitischer Kinderfreund,"Bock, Moses Hirsch - בוק, משה (בן) צבי",Author,,,,,,,,
producer66,Jeremias Klagegesänge,"Wolfsohn-Halle, Aron - וולפסון, אהרון","Translator,Commentator",,,,,,,,
producer67,Jeremias Klagegesänge,"Löwe, Joel - ברי""ל, יואל","Translator,Commentator",,,,,,,,
producer68,Jerusalem oder über religiöse Macht und Judentum,"Mendelssohn, Moses - מנדלסון, משה",Author,,,,,,,,
producer69,"Jeschurun, oder unparteyische Beleuchtung der dem Judenthume neuerdings gemachten Vorwürfe","Wolfsohn-Halle, Aron - וולפסון, אהרון",Author,,,,,,,,
producer70,Jonas Jeitteles,"Jeitteles, Ignaz - ייטלש, יגנץ",Author,,,,,,,,
producer71,"Juden, sind sie der Handlung schädlich?",אנונימי,Author,,,,,,,,
producer72,Kampf der jüdischen Hierarchie mit der Vernunft,"Hirschel, Moses - הירשל, משה","Author,Commentator",,,,,,,,
producer73,Kehilath Jahacob,"Rodrigues-Moreira, Jacob",Author,,,,,,,,
producer74,Les premiers pas de la nation juive vers son bonheur sous les auspices du grand monarque Napoléon,אנונימי,Author,,,,,,,,
producer75,Lesebuch für Jüdische Kinder,"Friedländer, David - פרידלענדר, דוד",Author,,,,,,,,
producer76,Lesebuch für Jüdische Kinder,"Satanow, Isaak - סטנוב, יצחק",Editor,,,,,,,,
producer77,Lesebuch für Jüdische Kinder,"Mendelssohn, Moses - מנדלסון, משה",Don't know,,,,,,,,
producer78,Letters on the present state of the Jewish poor in the metropolis,"Vanoven, Joshua - ונאובן, יהושע",Author,,,,,,,,
producer79,Lettre Circulaire,"Pereire, Jacob Rodrigues",Author,,,,,,,,
producer80,Lettre au rédacteur du Progresseur,"Berr, Michel - בר, מיכאל",Author,,,,,,,,
producer81,Lettre ou Reflexions d'un Milord a son correspondant a Paris,"Valabregue, Israel-Bernard de - ואלאברג, ישראל ברנאר דה",Author,,,,,,,,
producer82,Leviathan oder Ueber Religion in Rücksicht des Judenthums,"Ascher, Saul - אשר, שאול","Author,Mevi La'Dfus (Producer)",,,,,,,,
producer83,Moses Mendelssohns Morgenstunden oder Vorlesungen über das Daseyn Gottes,"Mendelssohn, Moses - מנדלסון, משה",Author,,,,,,,,
producer84,"Mémoire à consulter et consultation pour les cytoyens français professant le culte judaïque à Bordeaux, connus sous le nom de juifs portugais et avignonnais","Francia de Beaufleury, Louis",Author,,,,,,,,
producer85,Nachricht von der Jüdischen Haupt- und Frey-Schule in Deßau - 1776,"Dubno, Salomon - דובנא, שלמה",Author,,,,,,,,
producer86,Nachricht von der Jüdischen Haupt- und Frey-Schule in Deßau - 1809,אנונימי,Author,,,,,,,,
producer87,Nachricht von der Jüdischen Haupt- und Frey-Schule in Deßau - 1804,"Wolf, Joseph - וולף, יוסף",Author,,,,,,,,
producer88,Nachricht von der Jüdischen Haupt- und Frey-Schule in Deßau - 1804,"Fränkel, David - פרנקל, דוד","Author,Mevi La'Dfus (Producer)",,,,,,,,
producer89,Nahum neu übersetzt und mit Anmerkungen versehen,"Neumann, Israel Moses - נוימן, ישראל משה",Author,,,,,,,,
producer90,Napoleon oder über den Fortschritt der Regierung,"Ascher, Saul - אשר, שאול",Author,,,,,,,,
producer91,"Ode à Sa Majesté Jerôme Napoléon, roi de Westphalie",אנונימי,Author,,,,,,,,
producer92,Peri Hachedwah,"Ben-Jacob, Meir - בן-יעקב, מאיר",Author,,,,,,,,
producer93,Predigt des Herrn Oberabbiners Rabbi Salomon Kohn,"Kohn, Salomon - כהן, משלם זלמן בן שלמה",Author,,,,,,,,
producer94,Predigt des Herrn Oberabbiners Rabbi Salomon Kohn,"Ottensosser, David - אוטנזוסר, דוד",Translator,,,,,,,,
producer95,Prieres ... a l'usage des Juifs portugais ou espagnols 1,"Venture, Mardochée - ונטורה, מרדכי",Translator,,,,,,,,
producer96,Prieres ... a l'usage des Juifs portugais ou espagnols 2,"Venture, Mardochée - ונטורה, מרדכי",Translator,,,,,,,,
producer97,Prieres ... a l'usage des Juifs portugais ou espagnols 3,"Venture, Mardochée - ונטורה, מרדכי",Translator,,,,,,,,
producer98,Prieres ... a l'usage des Juifs portugais ou espagnols 4,"Venture, Mardochée - ונטורה, מרדכי",Translator,,,,,,,,
producer99,"Prière prononcée le 5 mars 1768 par les Juifs avignonois & avignonois de Bordeaux, demeurant à Paris","Venture, Mardochée - ונטורה, מרדכי","Author,Translator",,,,,,,,
producer100,Recueil de lettres patentes,"Pereire, Jacob Rodrigues",Editor,,,,,,,,
producer101,Rede am Dankfeste wegen des von Seiner Majestät dem Könige von Westphalen den Unterthanen juedischer Nation ertheilten Buergerrechts,"Jacobson, Israel - יאקאבזאהן, איזראעל",Author,,,,,,,,
producer102,Rede bei der Einweihung des Jakobs-Tempels zu Seesen,Heimann - היימן,,,,,,,,,
producer103,Rede bei der Feier der Geburt eines Enkels des Durchlauchtigsten Herzogs von Braunschweig-Lüneburg,"Helft, Levy - הלפט, לוי",Author,,,,,,,,
producer104,Rede gehalten am Jubelfeste der israelitischen Hauptschule in Prag den 10. Mai 1812,"Beer, Peter - בער, פרץ",Author,,,,,,,,
producer105,Rede gehalten am Jubelfeste der israelitischen Hauptschule in Prag den 10. Mai 1812,"Landau, Moses Israel",Author,,,,,,,,
producer106,Rede gehalten in der Versammlung der Gesellschaft zur Unterhaltung einer jüdischen Freyschule,"Euchel, Gottleb - אייכל, יחיאל גוטליב",Author,,,,,,,,
producer107,Rosenlied der Korahiten,אנונימי,Author,,,,,,,,
producer108,Réflexions sur la régénération complète des Juifs en France,"Berr, Isaac Berr - בר, יצחק בר",Author,,,,,,,,
producer109,Salomo und Joseph II.,"Alexander, Isaak - אלכסנדר, יצחק",Author,,,,,,,,
producer110,Salomon Maimon's Lebensgeschichte 1,"Maimon, Salomon - מימון, שלמה",Author,,,,,,,,
producer111,Salomon Maimon's Lebensgeschichte 1,"Moritz, Karl Philipp - מוריץ, קרל פיליף",Mevi La'Dfus (Producer),,,,,,,,
producer112,Salomon Maimon's Lebensgeschichte 2,"Maimon, Salomon - מימון, שלמה",Author,,,,,,,,
producer113,Salomon Maimon's Lebensgeschichte 2,"Moritz, Karl Philipp - מוריץ, קרל פיליף",Mevi La'Dfus (Producer),,,,,,,,
producer114,"Sammlung der Schriften an die Nationalversammlung, die Juden und ihre bürgerliche Verbesserung betreffend","Bendavid, Lazarus - בנדוד, לצרוס",Translator,,,,,,,,
producer115,Schreiben eines deutschen Juden an den amerikanischen Präsidenten O.,אנונימי,Author,,,,,,,,
producer116,Seconde lettre circulaire en defense des Juifs Portugais,"Pereire, Jacob Rodrigues",Author,,,,,,,,
producer117,Sendschreiben an Seine Hochwürden Herrn Oberconsistorialrath und Probst Teller,"Friedländer, David - פרידלענדר, דוד",Author,,,,,,,,
producer118,Sendschreiben an meine Brüder die Israeliten in Westfalen die Errichtung eines jüdischen Consistoriums betreffend,"Schott, Benedict",Author,,,,,,,,
producer119,Statuten der neuen Beerdigungs-Anstalt der Jüdischen Nation in Hamburg,אנונימי,"Author,Mevi La'Dfus (Producer)",,,,,,,,
producer120,"Trauer-Gedicht auf den Tod Ihrer Majestät der hochverewigten regierenden Königin Luise Auguste Wilhelmine Amalia, Gemahlin Seiner Majestät Friedrich Wilhelm des Dritten, regierenden Königs von Preuβen","Lesczinski, Elasar - לשצ'ינסקי, אלעזר",Author,,,,,,,,
producer121,Trauerrede über das Ableben des weisesten Monarchen ... Friedrich des Zweiten,"Wessely, Hartwig - וייזל, נפתלי הרץ",Author,,,,,,,,
producer122,Trauerrede über das Ableben des weisesten Monarchen ... Friedrich des Zweiten,"Bendavid, Lazarus - בנדוד, לצרוס",Translator,,,,,,,,
producer123,Ueber Moses Mendelsohns Tod,"Höchheimer, Simon - הכהיימר, שמעון",Author,,,,,,,,
producer124,Ueber die Religion der Ebräer vor Moses,"Bendavid, Lazarus - בנדוד, לצרוס",Author,,,,,,,,
producer125,Ueber die Verbesserung des Judenthums,"Henle, Elkan",Author,,,,,,,,
producer126,Ueber die Verfassung der Juden im Königreiche Baiern und die Verbesserung derselben zum Nutzen des Staats,"Henle, Elkan",Author,,,,,,,,
producer127,Ueber die bürgerliche Verbesserung der Juden,"Davidson, Wolf - דוידזון, וולף",Author,,,,,,,,
producer128,"Ueber die, durch die neue Organisation der Judenschaften in den Preußischen Staaten nothwendig gewordene, Umbildung","Friedländer, David - פרידלענדר, דוד",Author,,,,,,,,
producer129,Unterthänigste Vorstellung an Seine Hoheit den Fürst Primas der Rheinischen Konföderation über Höchstdessen neue Stättigkeits- und Schutzordnung für die Judenschaft in Frankfurt am Main,"Jacobson, Israel - יאקאבזאהן, איזראעל",Author,,,,,,,,
producer130,Verein! der Mosaischen Geseze mit dem Talmud in zwey Abhandlungen,"Alexander, Isaak - אלכסנדר, יצחק",Author,,,,,,,,
producer131,Verteidigung der jüdischen Nation gegen die in den Provinzialblättern enthaltenen Angriffe,"Homberg, Herz - הרץ, הומברג",,,,,,,,,
producer132,Von dem Daseyn Gottes die selbst redende Vernunft,"Alexander, Isaak - אלכסנדר, יצחק",Author,,,,,,,,
producer133,Von den Krankheiten der Juden,"Wolf, Elcan Isaac - וולף, אלקן יצחק",Author,,,,,,,,
producer134,Wahrheiten zur göttlichen Weisheit,"Alexander, Isaak - אלכסנדר, יצחק",Author,,,,,,,,
producer135,Worte der Wahrheit und des Friedens an die gesammte jüdische Nation,"Wessely, Hartwig - וייזל, נפתלי הרץ",Author,,,,,,,,
producer136,Worte der Wahrheit und des Friedens an die gesammte jüdische Nation,"Friedländer, David - פרידלענדר, דוד",Translator,,,,,,,,
producer137,"Zaphnath-Paneach Oder Sammlung moralischer Lehren, Sprüche, Erzählungen und Gedichte, aus dem Talmud und andern heiligen Schriften","Schott, Benedict","Author,Mevi La'Dfus (Producer)",,,,,,,,
producer138,Zweite Nachricht von dem Zustande der Jüdischen Freischule in Berlin,אנונימי,,,,,,,,,
producer139,Zwölf Fragen,"Homberg, Herz - הרץ, הומברג",,,,,,,,,
producer140,Über die Verbesserung des Judeneids,"Philipson, Moses - פיליפסון, משה",Author,,,,,,,,
producer141,אבטליון,"Wolfsohn-Halle, Aron - וולפסון, אהרון",Author,,,,,,,,
producer142,אבל יחיד,"Dubno, Salomon - דובנא, שלמה",Author,,,,,,,,
producer143,אגדת ארבע כוסות,"Pappenheimer, Salomon Seligmann - פאפנהיים, שלמה",Author,,,,,,,,
producer144,אגרות,"Levi, Avigdor - לוי, אביגדור",Editor,,,,,,,,
producer145,אגרת אדר היקר,"Satanow, Isaak - סטנוב, יצחק",Author,,,,,,,,
producer146,אגרת ארחות עולם,"Landau, Israel - לנדא, ישראל",Editor,,,,,,,,
producer147,אגרת בית תפלה,"Satanow, Isaak - סטנוב, יצחק",,,,,,,,,
producer148,אגרת הראשון לחנך לנער בכתב ולשון,Reuben ben Abraham Levi - ראובן בן אברהם לוי,,,,,,,,,
producer149,אהבת ציון,"Dubno, Salomon - דובנא, שלמה",Editor,,,,,,,,
producer150,אוצר השרשים א,"Ben Seew, Juda Löb - בן-זאב, יהודה ליב",Author,,,,,,,,
producer151,אוצר השרשים ב,"Ben Seew, Juda Löb - בן-זאב, יהודה ליב",Author,,,,,,,,
producer152,אוצר השרשים ג,"Ben Seew, Juda Löb - בן-זאב, יהודה ליב",Author,,,,,,,,
producer153,"אור אסתר oder Beleuchtung der im Talmud von Babylon und Jerusalem, in den Targumim und Midraschim vorkommenden fremden besonders lateinischen Wörter","Bondi, Simon - בונדי, שמעון",Author,,,,,,,,
producer154,"אור אסתר oder Beleuchtung der im Talmud von Babylon und Jerusalem, in den Targumim und Midraschim vorkommenden fremden besonders lateinischen Wörter","Bondi, Mardochai - בונדי, מרדכי",Author,,,,,,,,
producer155,"אור אסתר oder Beleuchtung der im Talmud von Babylon und Jerusalem, in den Targumim und Midraschim vorkommenden fremden besonders lateinischen Wörter",Israelitische Haupt- und Freischule zu Deßaus - משגיחי חנוך נערים בעיר דעסויא,Editor,,,,,,,,
producer156,אור טוב,אנונימי,,,,,,,,,
producer157,אור לוסטרו,"מודינה, דוד בן-ציון בן אברהם",,,,,,,,,
producer158,אור לנתיבה,"Mendelssohn, Moses - מנדלסון, משה",Author,,,,,,,,
producer159,אורה ושמחה ליהודים,אנונימי,,,,,,,,,
producer160,אורה ושמחה,"פיאצה, משה אהרן רחמים",,,,,,,,,
producer161,איש עניו,"לוין, צבי הירש",Author,,,,,,,,
producer162,אל ראשי עם קדש בני ישראל,אנונימי,Author,,,,,,,,
producer163,אלה בני הנעורים,"Luzzatto, Ephraim - לוצטו, אפרים",Author,,,,,,,,
producer164,אלה דברי הברית,אנונימי,Author,,,,,,,,
producer165,אלה הם השירים,אנונימי,Author,,,,,,,,
producer166,אלון בכות,"Troplowitz, Joseph Ephrati - האפרתי, יוסף מטראפלוויץ",Author,,,,,,,,
producer167,אמירה נעימה,"שיאר, אברהם נפתלי הירץ",Author,,,,,,,,
producer168,אמירה נעימה,"משה צבי ב""ר מנחם מוויהל",Translator,,,,,,,,
producer169,אמר הצעיר ...,"Berlin Saul - ברלין, שאול",Author,,,,,,,,
producer170,אמרי שפר,"Homberg, Herz - הרץ, הומברג",Author,,,,,,,,
producer171,אן דיא עלטרן דער ווילהלמס-שילר,אנונימי,Author,,,,,,,,
producer172,אנקת השיר,"אליהו בן רפאל שלמה, הלוי",,,,,,,,,
producer173,אקטא אסתר מיט אחשורוס,אנונימי,Author,,,,,,,,
producer174,אשכר אקריב,"מרדכי בן יצחק, הלוי",Author,,,,,,,,
producer175,באור מלות ההגיון,"Mendelssohn, Moses - מנדלסון, משה",Commentator,,,,,,,,
producer176,באור מלות ההגיון,"הקלירי, שמשון",Mevi La'Dfus (Producer),,,,,,,,
producer177,בית האוסף,"Löwysohn, Salomon - לוויזון, שלמה",Author,,,,,,,,
producer178,בית הספר א,"Ben Seew, Juda Löb - בן-זאב, יהודה ליב",Author,,,,,,,,
producer179,בית הספר ב,"Ben Seew, Juda Löb - בן-זאב, יהודה ליב",Author,,,,,,,,
producer180,בית יעקב,"גרונדשטין, יעקב לוי",Author,,,,,,,,
producer181,בנות השיר,"Riess, Nathan - ריז, נתן",Author,,,,,,,,
producer182,בער פרץ,"Beer, Peter - בער, פרץ",Author,,,,,,,,
producer183,בריב שטעללר אדער פתשגן הכתב,"Baschwitz, Zebi (Hirsch) ben Meir - בשביץ, צבי הירש בן מאיר",,,,,,,,,
producer184,ברכת פועלים,פועלי בית הדפוס חנוך נערים,Author,,,,,,,,
producer185,בת יפתח,"Neumann, Moses Samuel - נוימן, משה שמואל",Author,,,,,,,,
producer186,גבולות ארץ,אברהם בן אליהו,,,,,,,,,
producer187,גבעטי דער יודן אויף דאס גאנצי יאהר,"Friedländer, David - פרידלענדר, דוד","Translator,Commentator",,,,,,,,
producer188,גילת ורנן,"Belinfante, Isaac - בלינפנטי, יצחק",Author,,,,,,,,
producer189,גמול עתליה,"Franco Mendes, David - פרנקו-מנדס, דוד",Author,,,,,,,,
producer190,גן נעול א,"Wessely, Hartwig - וייזל, נפתלי הרץ",Author,,,,,,,,
producer191,גן נעול ב,"Wessely, Hartwig - וייזל, נפתלי הרץ",Author,,,,,,,,
producer192,דבר בעתו,"Schiff, Isaak Benedix - שיף, בנדיט איצק",Author,,,,,,,,
producer193,דבר בעתו,"Cohen, Salomon Jacob - כהן, שלום","Translator,Editor",,,,,,,,
producer194,דברי יאזעף השני האחרונים,"Jeitteles, Baruch (Benedict) - ייטלש, ברוך",Translator,,,,,,,,
producer195,דברי ריבות א,"Satanow, Isaak - סטנוב, יצחק",,,,,,,,,
producer196,דברי ריבות ב,"Satanow, Isaak - סטנוב, יצחק",,,,,,,,,
producer197,דברי שלום ואמת א,"Wessely, Hartwig - וייזל, נפתלי הרץ",Author,,,,,,,,
producer198,דברי שלום ואמת ב,"Wessely, Hartwig - וייזל, נפתלי הרץ",Author,,,,,,,,
producer199,דברי שלום ואמת ג,"Wessely, Hartwig - וייזל, נפתלי הרץ",Author,,,,,,,,
producer200,דברי שלום ואמת ד,"Wessely, Hartwig - וייזל, נפתלי הרץ",Author,,,,,,,,
producer201,דרוש על השלום,"Mendelssohn, Moses - מנדלסון, משה",Translator,,,,,,,,
producer202,דרוש על השלום,"Leo, Hartog - לאו, הרטוג",Mevi La'Dfus (Producer),,,,,,,,
producer203,דרוש על השלום,"מוזסזון, אהרן בן משה מגזע צבי מוזסזון, אהרן בן משה מגזע צבי",,,,,,,,,
producer204,דרך איש ישר,"Oven, Abraham van - אובן, אברהם",Translator,,,,,,,,
producer205,דרך חיים,"Löwenstamm, Chaim ben Arije Löb - לוונשטם, חיים בן אריה ליב",,,,,,,,,
producer206,דרכי נעם אדער איבערזעצונג פאן ספר משלי,"Euchel, Isaac Abraham - אייכל, יצחק","Translator,Commentator",,,,,,,,
producer207,דרכי נעם אדער איבערזעצונג פאן ספר משלי,"Philippson, Moses - פיליפסון, משה","Editor,Mevi La'Dfus (Producer)",,,,,,,,
producer208,דרכי נעם,"Heidenheim, Wolf - הידנהים, וולף","Commentator,Mevi La'Dfus (Producer)",,,,,,,,
producer209,דת ישראל oder Das Judenthum 1,"Beer, Peter - בער, פרץ",Author,,,,,,,,
producer210,דת ישראל oder Das Judenthum 2,"Beer, Peter - בער, פרץ",Author,,,,,,,,
producer211,האמונות והדעות,"Ben Seew, Juda Löb - בן-זאב, יהודה ליב",Commentator,,,,,,,,
producer212,האנד לעקסיקאן,אנונימי,Author,,,,,,,,
producer213,הדרכת הילד אדער ערסטער אונטערריכט פיר קינדער פאן דרייא ביס פינף יאהרען,"Schwabacher, Heimann - שובכר, חיים צבי",Author,,,,,,,,
producer214,היסטאריע,אנונימי,,,,,,,,,
producer215,המצאה חדשה מדבר שין,"Schulman, Naftali Hirtz - שולמן, נפתלי הרץ",Author,,,,,,,,
producer216,הנפש,"Mendelssohn, Moses - מנדלסון, משה",Author,,,,,,,,
producer217,הנפש,"Friedländer, David - פרידלענדר, דוד",Mevi La'Dfus (Producer),,,,,,,,
producer218,העתקה,"Dormitzer, Meir Markus - דורמיצר, מאיר",Author,,,,,,,,
producer219,העתקה,"אברהם בן לא""א כהן מביסטריץ",Editor,,,,,,,,
producer220,הפטרה לשחרית יום הכפורים,"Friedländer, David - פרידלענדר, דוד",Translator,,,,,,,,
producer221,הפטרות מכל השנה א,"Mendelssohn, Moses - מנדלסון, משה",Translator,,,,,,,,
producer222,הפטרות מכל השנה א,"Euchel, Gottleb - אייכל, יחיאל גוטליב",Translator,,,,,,,,
producer223,הפטרות מכל השנה א,"Friedländer, David - פרידלענדר, דוד",Translator,,,,,,,,
producer224,הפטרות מכל השנה א,"Euchel, Isaac Abraham - אייכל, יצחק",Translator,,,,,,,,
producer225,הפטרות מכל השנה א,"Wolfsohn-Halle, Aron - וולפסון, אהרון",Translator,,,,,,,,
producer226,הפטרות מכל השנה א,"Lindau, Baruch ben Jehuda Löb - לינדא, ברוך",Translator,,,,,,,,
producer227,הפטרות מכל השנה א,"ברי""ל, אלחנן",Translator,,,,,,,,
producer228,הפטרות מכל השנה א,גדליה מאברזיטצקא,Translator,,,,,,,,
producer229,הפטרות מכל השנה א,"טהעאדאר, דוד",Translator,,,,,,,,
producer230,הפטרות מכל השנה א,"פרידלנדר, בר""ד בונם",Translator,,,,,,,,
producer231,הפטרות מכל השנה ב,"Friedländer, David - פרידלענדר, דוד",Translator,,,,,,,,
producer232,הפטרות מכל השנה ג,"Mendelssohn, Moses - מנדלסון, משה",Translator,,,,,,,,
producer233,הפטרות מכל השנה ג,"Friedländer, David - פרידלענדר, דוד",Translator,,,,,,,,
producer234,הפטרות מכל השנה ג,"Euchel, Isaac Abraham - אייכל, יצחק",Translator,,,,,,,,
producer235,הפטרות מכל השנה ג,"Wolfsohn-Halle, Aron - וולפסון, אהרון",Translator,,,,,,,,
producer236,הפטרות מכל השנה ג,"Löwe, Joel - ברי""ל, יואל",Translator,,,,,,,,
producer237,הפטרות מכל השנה ג,"פרידלענדר, בונם בר""ד בונם בר""ד פ""ל",Translator,,,,,,,,
producer238,הפטרות מכל השנה ג,"משה בר""ד פ""ל משה בר""ד פ""ל",Translator,,,,,,,,
producer239,הפטרות מכל השנה ג,"טהעאדאר, דוד",Translator,,,,,,,,
producer240,הפטרות מכל השנה ג,"ראכנאווע, יוזל",Translator,,,,,,,,
producer241,הפטרות מכל השנה ג,"אברהם בר""א פל",Translator,,,,,,,,
producer242,הפטרות מכל השנה ג,"יאקב ז""ב",Translator,,,,,,,,
producer243,הפטרות מכל השנה ד,"Friedländer, David - פרידלענדר, דוד",Translator,,,,,,,,
producer244,הפטרות מכל השנה ד,"Euchel, Isaac Abraham - אייכל, יצחק",Translator,,,,,,,,
producer245,הפטרות מכל השנה ד,"Wolfsohn-Halle, Aron - וולפסון, אהרון",Translator,,,,,,,,
producer246,הפטרות מכל השנה ד,"Lindau, Baruch ben Jehuda Löb - לינדא, ברוך",Translator,,,,,,,,
producer247,הפטרות מכל השנה ד,"Löwe, Joel - ברי""ל, יואל",Translator,,,,,,,,
producer248,הפטרות מכל השנה ד,"פרידלענדר, בונם בר""ד בונם בר""ד פ""ל",Translator,,,,,,,,
producer249,הפטרות מכל השנה ד,"משה בר""ד פ""ל משה בר""ד פ""ל",Translator,,,,,,,,
producer250,הפטרות מכל השנה ד,גדליה מאברזיטצקא,Translator,,,,,,,,
producer251,הפטרות מכל השנה ד,"טהעאדאר, דוד",Translator,,,,,,,,
producer252,הפטרות מכל השנה ד,"ראכנאווע, יוזל",Translator,,,,,,,,
producer253,הפיוטים והפייטנים,"Heidenheim, Wolf - הידנהים, וולף",Author,,,,,,,,
producer254,הקולות יחדלון או משפט שלום,"Romanelli, Samuel - רומנלי, שמואל",Author,,,,,,,,
producer255,השלום - תקסב,"Levy, Elie - אליהו חלפן",Author,,,,,,,,
producer256,השלום,"Ottensosser, David - אוטנזוסר, דוד",Author,,,,,,,,
producer257,השלום,"Schwabacher, Heimann - שובכר, חיים צבי",Author,,,,,,,,
producer258,"התעוררות שמחה וששון ... ליהודים ק""ק אשכנזים ... אשר בעיר אלטונא ... בראותם את יקר תפארת ... קריסטיאנוס השביעי מלך דענימרק ונארוועגן",אנונימי,Author,,,,,,,,
producer259,זאת חנוכת הבית,"Friedrichsfeld, David - פרידריכספלד, דוד",Author,,,,,,,,
producer260,זאת חנוכת הבית,"Graanboom, Izak - גראנבום, יצחק",Author,,,,,,,,
producer261,זה ספר בית המדות,"מרגליות, יהודה ליב בן אשר זליג",Author,,,,,,,,
producer262,זה ספר זכר צדיק,"Friedrichsfeld, David - פרידריכספלד, דוד",Author,,,,,,,,
producer263,זה ספר טוב ויפה,"מרגליות, יהודה ליב בן אשר זליג",Author,,,,,,,,
producer264,זה ספר פשר דבר,"Dessau, Wolf - דסאו, וולף",Commentator,,,,,,,,
producer265,זכרון יוסף,"Kohen Piwana, Josephi - פיבני, יוסף בן איזק, כהנא",Author,,,,,,,,
producer266,זענד-שרייבן אן דיא דייטשי יודן,"Friedländer, David - פרידלענדר, דוד",Author,,,,,,,,
producer267,חותם תכנית,"Levi, Avigdor - לוי, אביגדור",Author,,,,,,,,
producer268,חי בן מקיץ,אנונימי,,,,,,,,,
producer269,חכמת יהושע בן סירא,"Ben Seew, Juda Löb - בן-זאב, יהודה ליב",Translator,,,,,,,,
producer270,חלקת מחקק,"Salomon, Gotthold - סלומון, גוטהולד","Translator,Commentator",,,,,,,,
producer271,חשק שלמה,"Pappenheimer, Salomon Seligmann - פאפנהיים, שלמה",Author,,,,,,,,
producer272,יום מלכים ימלוכו,אנונימי,,,,,,,,,
producer273,יונה,"Löwe, Joel - ברי""ל, יואל","Translator,Commentator",,,,,,,,
producer274,יושבי תבל,"Derenburg, Zebi Hirsch - דרנבורג, הירש",Author,,,,,,,,
producer275,יושבי תבל,שמעון פיורדא,Editor,,,,,,,,
producer276,ילדות ובחרות או נתיבות החנוך והמוסר,"Breslauer, Mendel - ברסלאו, מנדל",Author,,,,,,,,
producer277,יריעות שלמה א,"Pappenheimer, Salomon Seligmann - פאפנהיים, שלמה",Author,,,,,,,,
producer278,יריעות שלמה ג,"Pappenheimer, Salomon Seligmann - פאפנהיים, שלמה",Author,,,,,,,,
producer279,"כוס ישועות, oder Kelch des Heils","Beer, Peter - בער, פרץ",Author,,,,,,,,
producer280,כימיאה אדער שיידיקונסט א,"Schönemann, Salomo - שינמן, שלמה",Author,,,,,,,,
producer281,כלילת אהבה,"פולק, אהרן",Author,,,,,,,,
producer282,"כתר מלכות לרזב""ד","Buchner, Zeev Wolf - בוכנר, זאב וולף",Author,,,,,,,,
producer283,להט החרב,"(Feder)-Guttmann, Tuvia - פדר, טוביה",Author,,,,,,,,
producer284,לוח הפעלים,"Ben Seew, Juda Löb - בן-זאב, יהודה ליב",Author,,,,,,,,
producer285,לוח עלות השחר,"Levi, Hannover Raphael - לוי, רפאל מהנובר",Author,,,,,,,,
producer286,לוחות בניני הפעלים עם משקלי השמות,"Löwe, Joel - ברי""ל, יואל",Author,,,,,,,,
producer287,לוחות העיבור א,"Levi, Hannover Raphael - לוי, רפאל מהנובר",Author,,,,,,,,
producer288,לוחות העיבור ב,"Levi, Hannover Raphael - לוי, רפאל מהנובר",Author,,,,,,,,
producer289,לייכטזין אונד פרעממעלייא,"Wolfsohn-Halle, Aron - וולפסון, אהרון",Author,,,,,,,,
producer290,לישרים תהלה,"Dubno, Salomon - דובנא, שלמה",Mevi La'Dfus (Producer),,,,,,,,
producer291,לכבוד איש מהולל,"Wessely, Hartwig - וייזל, נפתלי הרץ",Author,,,,,,,,
producer292,לכבוד הגביר,"Wessely, Hartwig - וייזל, נפתלי הרץ",Author,,,,,,,,
producer293,לכבוד המושל הגדול,"Wessely, Hartwig - וייזל, נפתלי הרץ",Author,,,,,,,,
producer294,לעבענס בשרייבונג יאזעפס II,אנונימי,Author,,,,,,,,
producer295,לשון הזהב,"Mendelssohn, Moses - מנדלסון, משה",Author,,,,,,,,
producer296,מאמר אמרה צרופה,"Lemans, Moses - למנס, משה",Author,,,,,,,,
producer297,מאמר התורה והחכמה,"Levison, George (Mordechai Gumpel Schnaber) - שנאבר-לויזון, גומפל מרדכי",Author,,,,,,,,
producer298,מאמר חקור דין,"Wessely, Hartwig - וייזל, נפתלי הרץ",Author,,,,,,,,
producer299,מאמר חקור דין,"יאנוב, שבתי בן דוד יאנוב, שבתי בן דוד",,,,,,,,,
producer300,מאמר מגיד חדשות,"Wessely, Hartwig - וייזל, נפתלי הרץ",Author,,,,,,,,
producer301,מאמר צדק ועוני או עוז הצדק,"Breslauer, Mendel - ברסלאו, מנדל",Author,,,,,,,,
producer302,מבוא אל מקראי קדש,"Ben Seew, Juda Löb - בן-זאב, יהודה ליב",Author,,,,,,,,
producer303,מבוא הלשון,"Heidenheim, Wolf - הידנהים, וולף",Author,,,,,,,,
producer304,מבחר הפנינים,פנחס זעליג בן אהרן,Mevi La'Dfus (Producer),,,,,,,,
producer305,מגילת אסתר,"Wolfsohn-Halle, Aron - וולפסון, אהרון",Translator,,,,,,,,
producer306,מגלת איכה,"Wolfsohn-Halle, Aron - וולפסון, אהרון","Translator,Commentator",,,,,,,,
producer307,מגלת חסידים א,"Satanow, Isaak - סטנוב, יצחק",Author,,,,,,,,
producer308,מגלת קהלת,"Friedländer, David - פרידלענדר, דוד",Translator,,,,,,,,
producer309,מגלת קהלת,"Löwe, Joel - ברי""ל, יואל",Commentator,,,,,,,,
producer310,מגלת קהלת,"Mendelssohn, Moses - מנדלסון, משה",Commentator,,,,,,,,
producer311,מגלת רות,"Wolfsohn-Halle, Aron - וולפסון, אהרון","Translator,Commentator",,,,,,,,
producer312,מגלת שיר השירים,"Mendelssohn, Moses - מנדלסון, משה",Translator,,,,,,,,
producer313,מגלת שיר השירים,"Wolfsohn-Halle, Aron - וולפסון, אהרון",Commentator,,,,,,,,
producer314,מגלת שיר השירים,"Löwe, Joel - ברי""ל, יואל",Commentator,,,,,,,,
producer315,מדבר סין,אברהם אבלי בן ירמיה,Editor,,,,,,,,
producer316,מדרש מלים לשונות עברית ואשכנזית,אורי פיבוש בן אריה ליב,Author,,,,,,,,
producer317,מה נכבד היום הזה,"Epstein, Pelte Moses - אפשטין, פלטא בן משה",Author,,,,,,,,
producer318,מודע לבני בינה oder Kinderfreund und Lehrer 1,"Philippson, Moses - פיליפסון, משה",Author,,true,"Philippssohn, Moses",,,,,
producer319,מודע לבני בינה oder Kinderfreund und Lehrer 2,"Philippson, Moses - פיליפסון, משה",Author,,true,"Philippssohn, Moses",,,,,
producer320,מודע לילדי בני ישראל,"Bock, Moses Hirsch - בוק, משה (בן) צבי",Author,,,,,,,,
producer321,מודע לילדי בני ישראל,Anonymous,Editor,,,,,,,,
producer322,מודעה,"Friedländer, David - פרידלענדר, דוד",Author,,,,,,,,
producer323,מודעה,"Itzig, Isaac Daniel - איציג, יצחק דניאל",Author,,,,,,,,
producer324,מורה נבוכים א,"Maimon, Salomon - מימון, שלמה",Commentator,,,,,,,,
producer325,מורה נבוכים א,"Euchel, Isaac Abraham - אייכל, יצחק",Mevi La'Dfus (Producer),,,,,,,,
producer326,מורה נבוכים ב,"Satanow, Isaak - סטנוב, יצחק","Commentator,Mevi La'Dfus (Producer)",,,,,,,,
producer327,מורה נבוכים ג,"Satanow, Isaak - סטנוב, יצחק","Commentator,Mevi La'Dfus (Producer)",,,,,,,,
producer328,מזמור לתודה לאלהינו,אנונימי,Author,,,,,,,,
producer329,מזמור שיר לבאנאפארט,"Büschenthal, Lippmann Moses - בישנטל, ליפמן משה",Translator,,,,,,,,
producer330,מזמור שיר,"Wessely, Hartwig - וייזל, נפתלי הרץ",Author,,,,,,,,
producer331,מחברות עמנואל,"Satanow, Isaak - סטנוב, יצחק",Editor,,,,,,,,
producer332,מחברת חיי הנפש ונצחיותה,"Horowitz, Jehuda - הורוויץ, יהודה",Author,,,,,,,,
producer333,מחזה שדי,"Romanelli, Samuel - רומנלי, שמואל",Author,,,,,,,,
producer334,מחזור לחג השבועות - 1805,"Heidenheim, Wolf - הידנהים, וולף","Translator,Commentator,Mevi La'Dfus (Producer)",,,,,,,,
producer335,מחזור מנהג פולין ליום כפור - 1803,"Heidenheim, Wolf - הידנהים, וולף","Translator,Commentator,Mevi La'Dfus (Producer)",,,,,,,,
producer336,מחזור מנהג פולין ליום כפור - 1803,"Baschwitz - בשוויץ, ברוך",Mevi La'Dfus (Producer),,,,,,,,
producer337,מחזור מנהג פולין ליום כפור - 1803,"Heidenheim, Wolf - הידנהים, וולף","Translator,Commentator,Mevi La'Dfus (Producer)",,,,,,,,
producer338,מחזור מנהג פולין ליום כפור - 1803,"Baschwitz - בשוויץ, ברוך",Mevi La'Dfus (Producer),,,,,,,,
producer339,מחזור מנהג פולין ליום ראשון ושני של פסח - 1800,"Heidenheim, Wolf - הידנהים, וולף","Translator,Commentator,Mevi La'Dfus (Producer)",,,,,,,,
producer340,מחזור מנהג פולין ליום ראשון ושני של פסח - 1800,"בשוויץ, ברוך",Mevi La'Dfus (Producer),,,,,,,,
producer341,מחזור מנהג פולין ליום ראשון של ראש השנה - 1800,"Heidenheim, Wolf - הידנהים, וולף","Translator,Mevi La'Dfus (Producer)",,,,,,,,
producer342,מחזור מנהג פולין ליום ראשון של ראש השנה - 1800,"בשוויץ, ברוך",Mevi La'Dfus (Producer),,,,,,,,
producer343,מחזור מנהג פולין ליום שביעי ושמיני של פסח - 1800,"Heidenheim, Wolf - הידנהים, וולף","Translator,Commentator,Mevi La'Dfus (Producer)",,,,,,,,
producer344,מחזור מנהג פולין ליום שביעי ושמיני של פסח - 1800,"בשוויץ, ברוך",Mevi La'Dfus (Producer),,,,,,,,
producer345,מחזור מנהג פולין ליום שני של ראש השנה - 1800,"Heidenheim, Wolf - הידנהים, וולף","Translator,Commentator,Mevi La'Dfus (Producer)",,,,,,,,
producer346,מחזור מנהג פולין ליום שני של ראש השנה - 1800,"בשוויץ, ברוך",Mevi La'Dfus (Producer),,,,,,,,
producer347,מחזור מנהג פולין לערבית ליום כפור - 1800,"Heidenheim, Wolf - הידנהים, וולף","Translator,Commentator,Mevi La'Dfus (Producer)",,,,,,,,
producer348,מחזור מנהג פולין לערבית ליום כפור - 1800,"בשוויץ, ברוך",Mevi La'Dfus (Producer),,,,,,,,
producer349,מחזור מנהג פולין לשמיני עצרת ולשמחת תורה - 1805,"Heidenheim, Wolf - הידנהים, וולף","Translator,Commentator,Mevi La'Dfus (Producer)",,,,,,,,
producer350,מחזור מנהג פולין לשמיני עצרת ולשמחת תורה - 1805,"בשוויץ, ברוך",Mevi La'Dfus (Producer),,,,,,,,
producer351,מטעי קדם על אדמת צפון,"Cohen, Salomon Jacob - כהן, שלום",Author,,,,,,,,
producer352,מכתב מרפא לנפש,"Satanow, Isaak - סטנוב, יצחק",Author,,,,,,,,
producer353,מכתב מרפא לנפש,"Friedländer, David - פרידלענדר, דוד",Author,,,,,,,,
producer354,מכתב,"Herz, Marcus - הרץ, מרכוס",Author,,,,,,,,
producer355,מכתב,אנונימי,"Author,Translator",,,,,,,,
producer356,מכתבי הרבנים,אנונימי,Author,,,,,,,,
producer357,מלוכת שאול,"Troplowitz, Joseph Ephrati - האפרתי, יוסף מטראפלוויץ",Author,,,,,,,,
producer358,מליצה לפורים,"Ben Seew, Juda Löb - בן-זאב, יהודה ליב",Author,,,,,,,,
producer359,מנחת אהבים,"Friedrichsfeld, David - פרידריכספלד, דוד",Author,,,,,,,,
producer360,מנחת בקורים,"Schönemann, Salomo - שינמן, שלמה",Author,,,,,,,,
producer361,מנחת בקורים,"Satanow, Isaak - סטנוב, יצחק",,,,,,,,,
producer362,מנחת נדבה,"Belinfante, Isaac - בלינפנטי, יצחק",Author,,,,,,,,
producer363,מסכת אבות,"Wessely, Hartwig - וייזל, נפתלי הרץ",Commentator,,,,,,,,
producer364,מערכי לב,"Baras, Simon - בר""ז, שמעון",Author,,,,,,,,
producer365,מציאת הארץ החדשה א,"Mendelsohn, Moses - מנדלסון (פרנקפורט), משה",Translator,,,,,,,,
producer366,מציאת הארץ החדשה א,"Wessely, Hartwig - וייזל, נפתלי הרץ",Editor,,,,,,,,
producer367,מציאת הארץ החדשה א,אנונימי,,,,,,,,,
producer368,משא בערב,"Romanelli, Samuel - רומנלי, שמואל",Author,,,,,,,,
producer369,משלי אגור א,"Cohen, Salomon Jacob - כהן, שלום",Author,,,,,,,,
producer370,משלי אסף א,"Satanow, Isaak - סטנוב, יצחק",Author,,,,,,,,
producer371,משלי אסף ב,"Satanow, Isaak - סטנוב, יצחק",Author,,,,,,,,
producer372,משלי אסף ג,"Satanow, Isaak - סטנוב, יצחק",Author,,,,,,,,
producer373,נבואת הילד,"Satanow, Isaak - סטנוב, יצחק",Commentator,,,,,,,,
producer374,נתיב לשון עברית,Anonymous,Author,,,,,,,,
producer375,סדר הגדה על פסח,"Löwe, Joel - ברי""ל, יואל",Translator,,,,,,,,
producer376,סדר הגדה על פסח,"Satanow, Isaak - סטנוב, יצחק",,,,,,,,,
producer377,סדר לוח הבנינים ולוח משקלי השמות,"Cöslin, Chajim - קסלין, חיים",,,,,,,,,
producer378,סדר סליחה,"Satanow, Isaak - סטנוב, יצחק",Editor,,,,,,,,
producer379,סדר קינות לתשעה באב,"Ottensosser, David - אוטנזוסר, דוד",Translator,,,,,,,,
producer380,סדר קינות לתשעה באב,"Zirndorffer, Isaac David - צירנדורף, איצק",Mevi La'Dfus (Producer),,,,,,,,
producer381,סייג לתורה,"Worms, Ascher Anschel - וורמס, אנשיל",Author,,,,,,,,
producer382,סייג לתורה,"Worms, Wolff - וורמס, וולף",Mevi La'Dfus (Producer),,,,,,,,
producer383,סלת מנחה בלולה,"Levison, George (Mordechai Gumpel Schnaber) - שנאבר-לויזון, גומפל מרדכי",Author,,,,,,,,
producer384,"ספר אגרת המליצה ומשפט לשה""ק","מרגליות, יהודה ליב בן אשר זליג",Author,,,,,,,,
producer385,ספר אגרת הקדש,"Soldin, Jakob - זולדין, אליקים איסרל",Mevi La'Dfus (Producer),,,,,,,,
producer386,ספר אור לעת בקר,"נפתלי הירץ בן יהודה ליב, מהלברשטט",,,,,,,,,
producer387,ספר אור עולם קטן א,יהודה ליב בן משה מהמבורג,,,,,,,,,
producer388,ספר אור עולם,"מרגליות, יהודה ליב בן אשר זליג",Author,,,,,,,,
producer389,ספר איוב,"Satanow, Isaak - סטנוב, יצחק",Commentator,,,,,,,,
producer390,ספר אמרי בינה,"Satanow, Isaak - סטנוב, יצחק",Author,,,,,,,,
producer391,ספר בחינות עולם,"יוסף שלמה, מליסא",Mevi La'Dfus (Producer),,,,,,,,
producer392,ספר בית נאמן,"(Feder)-Guttmann, Tuvia - פדר, טוביה",Author,,,,,,,,
producer393,ספר ברכת יוסף,"Dubno, Salomon - דובנא, שלמה",Author,,,,,,,,
producer394,ספר דבר טוב,"Levi, Avigdor - לוי, אביגדור",Author,,,,,,,,
producer395,ספר דברי יושר א,"Schwab, Abraham ben Menachem Mendel - שוואב, אברהם בן מנחם מנדל",Author,,,,,,,,
producer396,ספר דברי יושר ב,"Schwab, Abraham ben Menachem Mendel - שוואב, אברהם בן מנחם מנדל",Author,,,,,,,,
producer397,ספר דברי נגידים,"Marcus (Ilfeld), Hartog (Hirsch) - מרקוס, צבי הירש בן מרדכי",Translator,,,,,,,,
producer398,ספר דניאל,"Wolf, Joseph - וולף, יוסף",Translator,,,,,,,,
producer399,ספר דניאל,"Philippson, Moses - פיליפסון, משה",Commentator,,,,,,,,
producer400,ספר דקדוק אליהו הלוי האשכנזי,"Driesen, Mordechai - דריזן, מרדכי בן שמעיה",Mevi La'Dfus (Producer),,,,,,,,
producer401,ספר דרך ההשגחה,"Marcus (Ilfeld), Hartog (Hirsch) - מרקוס, צבי הירש בן מרדכי",Author,,,,,,,,
producer402,ספר דרך ישרה,"Baruch Schick of Shklov - שיק, ברוך משקלוב",Author,,,,,,,,
producer403,ספר האורב,"Jeitteles, Baruch (Benedict) - ייטלש, ברוך",Author,,,,,,,,
producer404,ספר הברית א,"הורוויץ, פנחס אליהו","Author,Translator",,,,,,,,
producer405,ספר הגדרים,"Satanow, Isaak - סטנוב, יצחק",,,,,,,,,
producer406,ספר הגלוי והחתום,"Satanow, Isaak - סטנוב, יצחק",Author,,,,,,,,
producer407,ספר הולך תמים,"Satanow, Isaak - סטנוב, יצחק",Author,,,,,,,,
producer408,ספר החזיון א,"Satanow, Isaak - סטנוב, יצחק",Author,,,,,,,,
producer409,ספר היכל עונג,"Horowitz, Jehuda - הורוויץ, יהודה",Author,,,,,,,,
producer410,ספר הכוזרי - תקנ''ה,"Satanow, Isaak - סטנוב, יצחק",Commentator,,,,,,,,
producer411,ספר הכוזרי - תקנ''ו,"Samocz, Israel - זמושץ, ישראל",Commentator,,,,,,,,
producer412,ספר הכוזרי - תקנ''ו,ירוחם בן ישכר בער מלבוב,Mevi La'Dfus (Producer),,,,,,,,
producer413,ספר הלכה למעשה,צבי הירש בן מנחם נחום,Author,,,,,,,,
producer414,ספר המדות - 1784,"Satanow, Isaak - סטנוב, יצחק",Author,,,,,,,,
producer415,"ספר המדות א - תקמ""ו","Wessely, Hartwig - וייזל, נפתלי הרץ",Author,,,,,,,,
producer416,ספר המדות א,"Satanow, Isaak - סטנוב, יצחק",Commentator,,,,,,,,
producer417,ספר המדות ב,"Satanow, Isaak - סטנוב, יצחק",Commentator,,,,,,,,
producer418,ספר העקרים,"Gerson, Elias - אליהו מפינטשוב",Editor,,,,,,,,
producer419,ספר השרשים א,"Satanow, Isaak - סטנוב, יצחק",Author,,,,,,,,
producer420,ספר השרשים ב,"Satanow, Isaak - סטנוב, יצחק",Author,,,,,,,,
producer421,ספר ויעתר יצחק,"Satanow, Isaak - סטנוב, יצחק",Editor,,,,,,,,
producer422,ספר זבד המליצה,"Buchner, Zeev Wolf - בוכנר, זאב וולף",Author,,,,,,,,
producer423,ספר זכר רב,"מינדן, יהודה ליב בן יואל",Mevi La'Dfus (Producer),,,,,,,,
producer424,ספר זמירות ישראל א,"Mendelssohn, Moses - מנדלסון, משה",Translator,,,,,,,,
producer425,ספר זמירות ישראל א,"Löwe, Joel - ברי""ל, יואל","Commentator,Editor",,,,,,,,
producer426,ספר זמירות ישראל ב,"Mendelssohn, Moses - מנדלסון, משה",Translator,,,,,,,,
producer427,ספר זמירות ישראל ב,"Löwe, Joel - ברי""ל, יואל","Commentator,Editor",,,,,,,,
producer428,ספר זמירות ישראל ג,"Mendelssohn, Moses - מנדלסון, משה",Translator,,,,,,,,
producer429,ספר זמירות ישראל ג,"Löwe, Joel - ברי""ל, יואל","Commentator,Editor",,,,,,,,
producer430,ספר זמירות ישראל ד,"Mendelssohn, Moses - מנדלסון, משה",Translator,,,,,,,,
producer431,ספר זמירות ישראל ד,"Löwe, Joel - ברי""ל, יואל","Commentator,Editor",,,,,,,,
producer432,ספר זמירות ישראל ה,"Löwe, Joel - ברי""ל, יואל",Author,,,,,,,,
producer433,ספר זרע קודש,"Kerner, Moshe - קרנר, משה בן אליעזר",Author,,,,,,,,
producer434,ספר חכמת השרשים,"Ulmann, Naphtalie Herz - אולמן, נפתלי הרץ",Author,,,,,,,,
producer435,ספר חכמת שלמה,"Wessely, Hartwig - וייזל, נפתלי הרץ","Translator,Commentator",,,,,,,,
producer436,ספר חק לישראל,"Landau, Israel - לנדא, ישראל","Mevi La'Dfus (Producer),Translator,Editor",,,,,,,,
producer437,ספר חקי חיים,יעקב חיים בן יהושע הכהן,Author,,,,,,,,
producer438,ספר טורי ישפה,"יהודה ליב בן משה, מהמבורג",Author,,,,,,,,
producer439,ספר יד חיים,"Schack, Chaim ben Mosche - שק, חיים בן משה",Author,,,,,,,,
producer440,ספר יסוד חנוך נערים,"Sandersleben, Mosse Levi - סנדרסלבן, משה לוי","Author,Translator",,,,,,,,
producer441,ספר יסוד מורא,בנימין משה מעלי,Mevi La'Dfus (Producer),,,,,,,,
producer442,ספר יסוד עולם,"Baruch Schick of Shklov - שיק, ברוך משקלוב",Mevi La'Dfus (Producer),,,,,,,,
producer443,ספר כליל החשבון,"Friesenhausen, David ben Meir Hakohen - פריזנהויזן, דוד",Author,,,,,,,,
producer444,ספר כרם עין גדי,"Horowitz, Jehuda - הורוויץ, יהודה",Author,,,,,,,,
producer445,ספר כתב יושר,"Berlin Saul - ברלין, שאול",Author,,,,,,,,
producer446,ספר כתר מלכות,אנונימי,,,,,,,,,
producer447,ספר לשון למודים,אנונימי,Mevi La'Dfus (Producer),,,,,,,,
producer448,ספר מאזנים,"Cohen, Benjamin Moses - כהן, בנימין משה",Mevi La'Dfus (Producer),,,,,,,,
producer449,ספר מאיר נתיב הלשון א,"פולק, מאיר בן גבריאל",Author,,,,,,,,
producer450,ספר מגלה סוד,"Gumpertz, Aaron - גומפרץ, אהרון","Author,Commentator",,,,,,,,
producer451,ספר מגלת סדרים,"Horowitz, Jehuda - הורוויץ, יהודה",Author,,,,,,,,
producer452,ספר מודע לבינה,"Levin, Menachem Mendel - לפין, מנחם מנדל",Author,,,,,,,,
producer453,ספר מכלול,"הכים, משה בן חיים","Commentator,Mevi La'Dfus (Producer)",,,,,,,,
producer454,ספר מלחמה בשלום,"Katz, Haim Abraham - כץ, חיים אברהם בן יהודה",Author,,,,,,,,
producer455,ספר מלים לאלוה,"מינדן, יהודה ליב בן יואל",Editor,,,,,,,,
producer456,ספר מלכים א,"Wolfsohn-Halle, Aron - וולפסון, אהרון","Translator,Commentator",,,,,,,,
producer457,ספר מלכים ב,"Wolfsohn-Halle, Aron - וולפסון, אהרון","Translator,Commentator",,,,,,,,
producer458,ספר מנחה חדשה א,"Obernick, Meir - אוברניק, מאיר","Translator,Commentator",,,,,,,,
producer459,ספר מנחה חדשה ב,"Obernick, Meir - אוברניק, מאיר","Translator,Commentator",,,,,,,,
producer460,ספר מנחה חדשה ב,"Detmold, Samuel - דטמולד, שמואל","Translator,Commentator",,,,,,,,
producer461,ספר מנחה חדשה ד,"Obernick, Meir - אוברניק, מאיר","Translator,Commentator",,,,,,,,
producer462,ספר מנחה חדשה ה,"Obernick, Meir - אוברניק, מאיר","Translator,Commentator",,,,,,,,
producer463,ספר מנחה חדשה ו,"Detmold, Samuel - דטמולד, שמואל","Translator,Commentator",,,,,,,,
producer464,"ספר מנחה חדשה י""א","Detmold, Samuel - דטמולד, שמואל","Translator,Commentator",,,,,,,,
producer465,"ספר מנחה חדשה י""ב","Detmold, Samuel - דטמולד, שמואל","Translator,Commentator",,,,,,,,
producer466,ספר מנחה חדשה י,"Wolfsohn-Halle, Aron - וולפסון, אהרון","Translator,Commentator",,,,,,,,
producer467,ספר מנחה טהורה,"Neumann, Israel Moses - נוימן, ישראל משה",Translator,,,,,,,,
producer468,ספר מנחה טהורה,"Löwe, Joel - ברי""ל, יואל",Translator,,,,,,,,
producer469,ספר מנחה טהורה,"Wolf, Joseph - וולף, יוסף",Translator,,,,,,,,
producer470,ספר מנחה טהורה,"Salomon, Gotthold - סלומון, גוטהולד",Translator,,,,,,,,
producer471,ספר מנחה טהורה,"Philippson, Moses - פיליפסון, משה",,,,,,,,,
producer472,ספר מסלול,"Cöslin, Chajim - קסלין, חיים",Author,,,,,,,,
producer473,ספר מעגל ישר,"Neumann, Moses Samuel - נוימן, משה שמואל",Author,,,,,,,,
producer474,ספר מעדני מלך,"Worms, Ascher Anschel - וורמס, אנשיל",,,,,,,,,
producer475,ספר מערכת אברהם,"אברהם בן מודל, מאטינגן",,,,,,,,,
producer476,ספר מעשי יהוה א,גדליה בן משה,,,,,,,,,
producer477,ספר מעשי יהוה ב,גדליה בן משה,"Author,Translator",,,,,,,,
producer478,ספר מצפה יקתאל,"Berlin, Saul - ברלין, שאול",Author,,,,,,,,
producer479,ספר מצפה יקתאל,"Friedländer, David - פרידלענדר, דוד",Mevi La'Dfus (Producer),,,,,,,,
producer480,ספר מצפה יקתאל,"Itzig, Isaac Daniel - איציג, יצחק דניאל",Mevi La'Dfus (Producer),,,,,,,,
producer481,ספר מקוה ישראל,"Schulman, Naftali Hirtz - שולמן, נפתלי הרץ",Mevi La'Dfus (Producer),,,,,,,,
producer482,ספר נאוה קדש,"Waltsch, Shimeon - ולטש, שמעון",Commentator,,,,,,,,
producer483,ספר נזד הדמע,"Samocz, Israel - זמושץ, ישראל",Author,,,,,,,,
producer484,ספר נתיבות השלום א,"Mendelssohn, Moses - מנדלסון, משה","Translator,Commentator",,,,,,,,
producer485,ספר נתיבות השלום א,"Dubno, Salomon - דובנא, שלמה",Commentator,,,,,,,,
producer486,ספר נתיבות השלום ב,"Mendelssohn, Moses - מנדלסון, משה","Translator,Commentator",,,,,,,,
producer487,ספר נתיבות השלום ב,"Dubno, Salomon - דובנא, שלמה",Commentator,,,,,,,,
producer488,ספר נתיבות השלום ג,"Mendelssohn, Moses - מנדלסון, משה",Translator,,,,,,,,
producer489,ספר נתיבות השלום ג,"Wessely, Hartwig - וייזל, נפתלי הרץ",Commentator,,,,,,,,
producer490,ספר נתיבות השלום ד,"Mendelssohn, Moses - מנדלסון, משה",Translator,,,,,,,,
producer491,ספר נתיבות השלום ד,"Jaroslaw, Aron - ירוסלב, אהרן",Commentator,,,,,,,,
producer492,ספר נתיבות השלום ה,"Mendelssohn, Moses - מנדלסון, משה",Translator,,,,,,,,
producer493,ספר נתיבות השלום ה,"Homberg, Herz - הרץ, הומברג",Commentator,,,,,,,,
producer494,ספר עוללות הבוחן,"Schwabacher, Heimann - שובכר, חיים צבי",Translator,,,,,,,,
producer495,ספר עוללות הבוחן,"Ottensosser, David - אוטנזוסר, דוד",Commentator,,,,,,,,
producer496,ספר עין דור,אנונימי,Author,,,,,,,,
producer497,ספר עין דור,"שטראשון, שלמה",,,,,,,,,
producer498,ספר עמוד השחר,"Oppenheim, Simon ben David - אופנהים, שמעון בן דוד",Author,,,,,,,,
producer499,ספר עמודי בית יהודה,"Horowitz, Jehuda - הורוויץ, יהודה",Author,,,,,,,,
producer500,ספר עמודי השמים,"Baruch Schick of Shklov - שיק, ברוך משקלוב",Author,,,,,,,,
producer501,ספר עמק השוה,"Chorin, Aaron - אהרן בן קלמן",Author,,,,,,,,
producer502,ספר עצי עדן,"מרגליות, יהודה ליב בן אשר זליג",Author,,,,,,,,
producer503,ספר פשר דבר,"מנשה בן יוסף,מאיליא",Author,,,,,,,,
producer504,ספר צוהר התיבה,"Hanau, Salomon - הנאו, שלמה זלמן",Author,,,,,,,,
producer505,ספר צחות המליצה,"Buchner, Zeev Wolf - בוכנר, זאב וולף",Author,,,,,,,,
producer506,ספר צל המעלות,"Horowitz, Jehuda - הורוויץ, יהודה",Author,,,,,,,,
producer507,ספר רוח חן,"Samocz, Israel - זמושץ, ישראל",Commentator,,,,,,,,
producer508,ספר רוח חן,אנונימי,Mevi La'Dfus (Producer),,,,,,,,
producer509,ספר רוח חן,,,,,,,,,,
producer510,ספר רפואות הנקרא עזר ישראל,"Marcuse, Moses - מרקוזי, משה",Translator,,,,,,,,
producer511,ספר רפואת העם,"Levin, Menachem Mendel - לפין, מנחם מנדל",Translator,,,,,,,,
producer512,ספר שאלות ותשובות בשמים ראש,"Berlin Saul - ברלין, שאול",Author,,,,,,,,
producer513,ספר שבילי דרקיע,"הכים, אליהו בן חיים",Author,,,,,,,,
producer514,ספר שומר אמונים,"Soldin, Jakob - זולדין, אליקים איסרל",Author,,,,,,,,
producer515,ספר שערי זמרה,"Hanau, Salomon - הנאו, שלמה זלמן",Author,,,,,,,,
producer516,ספר שערי זמרה,הענלי בן שמעון אולמא,Mevi La'Dfus (Producer),,,,,,,,
producer517,ספר שערי נעימה,"חלם, שלמה בן משה",Author,,,,,,,,
producer518,ספר שערי נעימה,"Dubno, Salomon - דובנא, שלמה",Mevi La'Dfus (Producer),,,,,,,,
producer519,ספר שפה ברורה,"הכים, משה בן חיים",,,,,,,,,
producer520,ספר שפה ברורה,שלמה אלימלך ואברהם,,,,,,,,,
producer521,ספר שפתי רננות,"Satanow, Isaak - סטנוב, יצחק",Author,,,,,,,,
producer522,ספר תהלים,"Satanow, Isaak - סטנוב, יצחק",Editor,,,,,,,,
producer523,ספר תוכחת מגילה,"Levison, George (Mordechai Gumpel Schnaber) - שנאבר-לויזון, גומפל מרדכי",Author,,,,,,,,
producer524,ספר תורה כולה,"Asch, Abraham - אש, אברהם",Author,,,,,,,,
producer525,ספר תכונת השמים,"Levi, Hannover Raphael - לוי, רפאל מהנובר","Author,Commentator",,,,,,,,
producer526,ספר תכונת השמים,"Jekutiel, Moses - יקותיאל, משה",Mevi La'Dfus (Producer),,,,,,,,
producer527,ספר תפארת אדם,"Baruch Schick of Shklov - שיק, ברוך משקלוב",Author,,,,,,,,
producer528,עובד ותרצה או ספרות מני קדם,"Bing, Beer Abraham - בינג, אברהם בר",Author,,,,,,,,
producer529,עין משפט,"Hart, Jacob - אליקים בן אברהם",Author,,,,,,,,
producer530,עלה תרופה,"ננסיך, אברהם בן שלמה",,,,,,,,,
producer531,עלות המנחה,"Romanelli, Samuel - רומנלי, שמואל",Author,,,,,,,,
producer532,עלים לתרופה,"Dubno, Salomon - דובנא, שלמה",Author,,,,,,,,
producer533,עלים לתרופה,"Mendelssohn, Moses - מנדלסון, משה",Translator,,,,,,,,
producer534,עמודי הלשון,"Löwe, Joel - ברי""ל, יואל",Author,,,,,,,,
producer535,עמק הבכא,"Jeitteles, Baruch (Benedict) - ייטלש, ברוך",Author,,,,,,,,
producer536,עמק הבכא,"Jeitteles, Juda - ייטלש, יהודה",,,,,,,,,
producer537,ערוגת הבושם,"Berlin Saul - ברלין, שאול",Author,,,,,,,,
producer538,עשרה מאמרות א,"Hart, Jacob - אליקים בן אברהם",,,,,,,,,
producer539,עשרה מאמרות ב,"Hart, Jacob - אליקים בן אברהם",,,,,,,,,
producer540,עשרה מאמרות ג,"Hart, Jacob - אליקים בן אברהם",,,,,,,,,
producer541,עשרה מאמרות ה,"Hart, Jacob - אליקים בן אברהם",Author,,,,,,,,
producer542,פירוש על חד גדיא,"Worms, Ascher Anschel - וורמס, אנשיל",Author,,,,,,,,
producer543,פירוש על שיר השירים,"מרגליות, יהודה ליב בן אשר זליג","Commentator,Mevi La'Dfus (Producer)",,,,,,,,
producer544,פנקס וכתב הדת,"Satanow, Isaak - סטנוב, יצחק",Author,,,,,,,,
producer545,פעדאן,"Mendelssohn, Moses - מנדלסון, משה",Author,,,,,,,,
producer546,פעדאן,"Beer-Bing, Jesaia - בער, ישי",Translator,,,,,,,,
producer547,פעדאן,"יאנוב, שבתי בן דוד יאנוב, שבתי בן דוד",,,,,,,,,
producer548,פרפראות לחכמה,"Fürth, Meyer Elkan - פירדא, אלחנן מאיר בן אברהם","Author,Mevi La'Dfus (Producer)",,,,,,,,
producer549,פרקי אבות,"Friedländer, David - פרידלענדר, דוד",Translator,,,,,,,,
producer550,פרקי אבות,"Euchel, Isaac Abraham - אייכל, יצחק",Translator,,,,,,,,
producer551,פרקי רבי אליה,"Cohen, Benjamin Moses - כהן, בנימין משה",Mevi La'Dfus (Producer),,,,,,,,
producer552,פרקי רבי עקיבא,"Poper, M. - פופר, מרדכי",Author,,,,,,,,
producer553,צחות בדקדוק,"Jaroslaw, Aron - ירוסלב, אהרן",Mevi La'Dfus (Producer),,,,,,,,
producer554,צחות בדקדוק,"ארענסוואלד, ראובן",Mevi La'Dfus (Producer),,,,,,,,
producer555,צייט געשיכטע,"חיט, משה אברהם בן ראובן",,,,,,,,,
producer556,קול הצירים תחת השיר,"Meldola, Abraham - מילדולה, אברהם",Author,,,,,,,,
producer557,קול מבשר משמיע שלום,"Friedrichsfeld, David - פרידריכספלד, דוד",Author,,,,,,,,
producer558,קול מבשר,אנונימי,Author,,,,,,,,
producer559,קול נהי,"Wessely, Hartwig - וייזל, נפתלי הרץ",Author,,,,,,,,
producer560,קול קורא לאחינו בני ישראל,אנונימי,,,,,,,,,
producer561,קול רנה ותודה,"Kalker, Simon Isaac - קלקר, שמעון",Author,,,,,,,,
producer562,קול רנה,"Ben Seew, Juda Löb - בן-זאב, יהודה ליב",Author,,,,,,,,
producer563,קול רנת היהודים אשר בעיר שקלאב,"Wessely, Hartwig - וייזל, נפתלי הרץ",Author,,,,,,,,
producer564,קול רנת היהודים אשר בעיר שקלאב,"Mendelssohn, Moses - מנדלסון, משה",Translator,,,,,,,,
producer565,קול רנה,"Ben Seew, Juda Löb - בן-זאב, יהודה ליב",Author,,,,,,,,
producer566,קול שועת בת יהודה,"נבחוביץ, יהודה ליב",,,,,,,,,
producer567,קול שחל,"Satanow, Isaak - סטנוב, יצחק","Author,Mevi La'Dfus (Producer)",,,,,,,,
producer568,קול שחל,"Luzzatto, Ephraim - לוצטו, אפרים",Author,,,,,,,,
producer569,קול שמחה,"Dubno, Salomon - דובנא, שלמה",Author,,,,,,,,
producer570,"קול שמחה, או, נצוח החכמה","Buchner, Zeev Wolf - בוכנר, זאב וולף",Author,,,,,,,,
producer571,קונטרס מספר הזהר חיבורא תניינא,"Satanow, Isaak - סטנוב, יצחק",Commentator,,,,,,,,
producer572,קונטרס קורי עכביש,"Hanau, Salomon - הנאו, שלמה זלמן",Author,,,,,,,,
producer573,קורות העתים א,"חיט, משה אברהם בן ראובן",Author,,,,,,,,
producer574,קורות שנות קדם א,"Fischer, Markus - פישר, מאיר",Author,,,,,,,,
producer575,קורות שנות קדם ב,"Fischer, Markus - פישר, מאיר",Author,,,,,,,,
producer576,קנה המדה,"Baruch Schick of Shklov - שיק, ברוך משקלוב",Translator,,,,,,,,
producer577,ראשית למודים - 1775,"מענץ, אברהם יוסף בן שמעון וואלף",Author,,,,,,,,
producer578,ראשית למודים א,"Lindau, Baruch ben Jehuda Löb - לינדא, ברוך","Author,Translator",,,,,,,,
producer579,ראשית למודים ב,"Lindau, Baruch ben Jehuda Löb - לינדא, ברוך",Author,,,,,,,,
producer580,ראשית למודים ב,"Wolf, Joseph - וולף, יוסף",Editor,,,,,,,,
producer581,ראשית למודים ב,"Philippson, Moses - פיליפסון, משה",Mevi La'Dfus (Producer),,,,,,,,
producer582,ראשית לקח,"Cohen, Chanania Elchanan Chaj - כהן, חנניה אלחנן חי",Author,,,,,,,,
producer583,רודף מישרים,"Somerhausen, Hirsch (Hartog) - זומרהאוזן, הירש",Author,,,,,,,,
producer584,רוח נכון,"Romanelli, Samuel - רומנלי, שמואל",Author,,,,,,,,
producer585,רנת דודים,Gesellschaft des Guten und Edlen - חברת שוחרי הטוב והתושיה,Author,,,,,,,,
producer586,רסיסי לילה,"Riess, Nathan - ריז, נתן",Author,,,,,,,,
producer587,שבע פרקים הראשונים של ספר מלות ההגיון,"Hirsch, Isaac - הירש, איצק ליב",Translator,,,,,,,,
producer588,שבע פרקים הראשונים של ספר מלות ההגיון,"Mendelssohn, Moses - מנדלסון, משה",Commentator,,,,,,,,
producer589,שדה תבונה,"Horowitz, Jehuda - הורוויץ, יהודה",Author,,,,,,,,
producer590,שורש דבר,"כהן, ירחמיאל פלק בן נתן",Author,,,,,,,,
producer591,"שיחה בין שנת תק""ס ובין שנת תקס""א","Jeitteles, Baruch (Benedict) - ייטלש, ברוך",Author,,,,,,,,
producer592,שיחה בעולם הנשמות,"Löwysohn, Salomon - לוויזון, שלמה",Author,,,,,,,,
producer593,שיר - תקכז,"Wessely, Hartwig - וייזל, נפתלי הרץ",,,,,,,,,
producer594,שיר - תקעא,"Glogau, Hirsch Moses - גלוגוי, צבי הירש בן משה",Author,,,,,,,,
producer595,שיר אשר נמסר למלכנו,"אמרספורט, בנימין",Author,,,,,,,,
producer596,שיר אשר נמסר למלכנו,"Lemans, Moses - למנס, משה",Translator,,,,,,,,
producer597,שיר ורנן,אנונימי,,,,,,,,,
producer598,שיר ותודה,אנונימי,Author,,,,,,,,
producer599,שיר ותפלה,אנונימי,,,,,,,,,
producer600,שיר ידידות - תקנ,Gesellschaft des Guten und Edlen - חברת שוחרי הטוב והתושיה,,,,,,,,,
producer601,שיר ידידות - תקנט,"Satanow, Isaak - סטנוב, יצחק",Author,,,,,,,,
producer602,שיר ידידות - תקע,"Buchner, Zeev Wolf - בוכנר, זאב וולף",Author,,,,,,,,
producer603,שיר ידידות - תקע,"Buchner, Zeev Wolf - בוכנר, זאב וולף",Author,,,,,,,,
producer604,שיר כלולות - תקמח,Gesellschaft des Guten und Edlen - חברת שוחרי הטוב והתושיה,Mevi La'Dfus (Producer),,,,,,,,
producer605,שיר כלולות - תקע,"Ben Seew, Juda Löb - בן-זאב, יהודה ליב",Author,,,,,,,,
producer606,שיר מזמור,"Wessely, Hartwig - וייזל, נפתלי הרץ",Mevi La'Dfus (Producer),,,,,,,,
producer607,שיר מזמור,"לוונשטאם, שאול בן אריה ליב",,,,,,,,,
producer608,שיר רנן ושמחה,אנונימי,Author,,,,,,,,
producer609,שיר שלום,"Leo, Hartog - לאו, הרטוג",,,,,,,,,
producer610,שיר תהלות,אנונימי,,,,,,,,,
producer611,שיר תודה ושמחה,אנונימי,Author,,,,,,,,
producer612,שיר תודה ותפלה,"Leo, Hartog - לאו, הרטוג",Author,,,,,,,,
producer613,שיר תודה,"Aaron, Joseph Philipp - אהרן, יוסף",Author,,,,,,,,
producer614,שירי תהלה ב,"Buchner, Zeev Wolf - בוכנר, זאב וולף",Author,,,,,,,,
producer615,שירי תהלות,"Wessely, Hartwig - וייזל, נפתלי הרץ",Author,,,,,,,,
producer616,שירי תהלות,אנונימי,Translator,,,,,,,,
producer617,שירי תפארת א,"Wessely, Hartwig - וייזל, נפתלי הרץ",Author,,,,,,,,
producer618,שירי תפארת ב,"Wessely, Hartwig - וייזל, נפתלי הרץ",Author,,,,,,,,
producer619,שירי תפארת ג,"Wessely, Hartwig - וייזל, נפתלי הרץ",Author,,,,,,,,
producer620,שירי תפארת ד,"Wessely, Hartwig - וייזל, נפתלי הרץ",Author,,,,,,,,
producer621,שירי תפארת ד,"מור (מוהר), יוסף שמעון",Mevi La'Dfus (Producer),,,,,,,,
producer622,שירי תפארת ה,"Wessely, Hartwig - וייזל, נפתלי הרץ",Author,,,,,,,,
producer623,שירים ורננות,"Wessely, Hartwig - וייזל, נפתלי הרץ",Author,,,,,,,,
producer624,שירים ותשבחות - תקסז,"Löwenstamm, Jaacov Moses - לוונשטם, יעקב משה",Author,,,,,,,,
producer625,שירים ותשבחות - תקסז,Ephraim Lion Davids - אפרים בן ליב,Translator,,,,,,,,
producer626,שירים ותשבחות - תקעא,"Löwenstamm, Jaacov Moses - לוונשטם, יעקב משה",Author,,,,,,,,
producer627,שירים ותשבחות - תקסז,"Löwenstamm, Jaacov Moses - לוונשטם, יעקב משה",Author,,,,,,,,
producer628,שירים ותשבחות - תקסז,Ephraim Lion Davids - אפרים בן ליב,Translator,,,,,,,,
producer629,שירת דודים,"Satanow, Isaak - סטנוב, יצחק",Author,,,,,,,,
producer630,שלמות וצורת הנפש או קשר הנפש עם הגוף,"Mendelssohn, Moses - מנדלסון, משה",Author,,,,,,,,
producer631,שלמות וצורת הנפש או קשר הנפש עם הגוף,"Fürth, Meyer Elkan - פירדא, אלחנן מאיר בן אברהם",Author,,,,,,,,
producer632,שלמות וצורת הנפש או קשר הנפש עם הגוף,"Friedländer, David - פרידלענדר, דוד",Translator,,,,,,,,
producer633,שפת אמת,"Euchel, Isaac Abraham - אייכל, יצחק",Author,,,,,,,,
producer634,שפת עבר,"Bock, Moses Hirsch - בוק, משה (בן) צבי",Author,,,,,,,,
producer635,שרייבן אן דיא ווירדיגן מיטגלידר זעמטליכ'ר ... חברות גמילות חסדים,"Löwe, Joel - ברי""ל, יואל",Author,,,,,,,,
producer636,תבנית חברת שוחרי הטוב והתושיה,"Friedländer, Sanwil - פרידלנדר, זנוויל שמואל",Author,,,,,,,,
producer637,תבנית חברת שוחרי הטוב והתושיה,"Euchel, Isaac Abraham - אייכל, יצחק",Author,,,,,,,,
producer638,תבנית חברת שוחרי הטוב והתושיה,"Lindau, Baruch ben Jehuda Löb - לינדא, ברוך",Author,,,,,,,,
producer639,תבנית חברת שוחרי הטוב והתושיה,"Löwe, Joel - ברי""ל, יואל",Author,,,,,,,,
producer640,תבנית חברת שוחרי הטוב והתושיה,"Breslauer, Mendel - ברסלאו, מנדל",Author,,,,,,,,
producer641,תהלה - 1807,אנונימי,,,,,,,,,
producer642,תהלה אל שיא המלוכה,אנונימי,,,,,,,,,
producer643,תהלה ותודה,"Wessely, Hartwig - וייזל, נפתלי הרץ",Author,,,,,,,,
producer644,תהלה ותודה,"Mendelssohn, Moses - מנדלסון, משה",Translator,,,,,,,,
producer645,תודת אמונת בית ישראל,"Heinemann, Jermias - היינמן, ירמיה",Author,,,,,,,,
producer646,תוכחת מגולה,"Wolf, Joseph - וולף, יוסף","Author,Translator",,,,,,,,
producer647,תולדות נח אדער געשיכטע דער זינדפלוט,"Schottländer, Benedikt - שוטלנדר, בנדיקט",Author,,,,,,,,
producer648,תולדות רבנו החכם משה בן מנחם,"Euchel, Isaac Abraham - אייכל, יצחק",Author,,,,,,,,
producer649,תורת לשון עברית א,"Cohen, Salomon Jacob - כהן, שלום",Author,,,,,,,,
producer650,תורת לשון עברית א,"Philippson, Moses - פיליפסון, משה",Don't know,,,,,,,,
producer651,תורת לשון עברית ב,"Cohen, Salomon Jacob - כהן, שלום",Author,,,,,,,,
producer652,תורת לשון עברית ב,"Philippson, Moses - פיליפסון, משה",Don't know,,,,,,,,
producer653,תורת לשון עברית ג,"Cohen, Salomon Jacob - כהן, שלום",Author,,,,,,,,
producer654,תורת לשון עברית ג,"Philippson, Moses - פיליפסון, משה",Don't know,,,,,,,,
producer655,תיקון סופרים,"Dubno, Salomon - דובנא, שלמה",Author,,,,,,,,
producer656,תלמוד לשון עברי,"Ben Seew, Juda Löb - בן-זאב, יהודה ליב",Author,,,,,,,,
producer657,תפלה - 1805,אנונימי,Author,,,,,,,,
producer658,תפלה - 1806,"Aaron, Joseph Philipp - אהרן, יוסף",Author,,,,,,,,
producer659,תפלה - תקסח,אנונימי,Author,,,,,,,,
producer660,תפלה - תקסט,אנונימי,Author,,,,,,,,
producer661,תפלה בעד שלום המלך,אנונימי,Author,,,,,,,,
producer662,תפלה מכל השנה - תקמה,"Satanow, Isaak - סטנוב, יצחק",Editor,,,,,,,,
producer663,תשובת הרב הגאון,"Berlin Saul - ברלין, שאול",Author,,,,,,,,
producer664,תשועת ישראל בידי יהודית,"Franco Mendes, David - פרנקו-מנדס, דוד",Translator,,,,,,,,
producer665,תשועת ישראל בידי יהודית,"Heidenheim, Wolf - הידנהים, וולף",Mevi La'Dfus (Producer),,,,,,,,
